benchmark,region,function,idx,download_size_bytes,elapsed_time,cpu_avg,cpu_max,memory_avg,memory_max,timeout,exception_name,exception_message
all_data,greater_london,esy_osmshape,1,132112696,1181.325667692,0.9995515256715024,1.125,501144472.1593282,668725248,False,,
all_data,greater_london,esy_osmshape,2,132112696,1174.420320502,0.9994357464814794,1.131,501181647.5128319,669327360,False,,
all_data,greater_london,esy_osmshape,3,132112696,1180.540486335,0.99945850849939,1.132,501380871.81429344,669601792,False,,
all_data,greater_london,esy_osmshape,4,132112696,1171.6405230209998,0.999405722196602,1.126,501790719.054915,669507584,False,,
all_data,greater_london,esy_osmshape,5,132112696,1169.8658104239994,0.9995399889176438,1.296,502008439.7251569,669286400,False,,
all_data,greater_london,esy_osmshape,6,132112696,1176.571586043,0.9993549070153056,1.126,503364417.7558456,669626368,False,,
all_data,greater_london,esy_osmshape,7,132112696,1182.3588358260004,0.9993742754623404,1.156,501834012.8998072,668471296,False,,
all_data,greater_london,esy_osmshape,8,132112696,1181.1398812920015,0.9995135408060304,1.347,503697830.647939,670593024,False,,
all_data,greater_london,esy_osmshape,9,132112696,1181.069219629,0.9995069450832692,1.3730000000000002,501751933.0917115,668381184,False,,
all_data,greater_london,esy_osmshape,10,132112696,1181.748036511999,0.9994728689276104,1.131,502006514.6251144,669716480,False,,
all_data,greater_london,osmium,1,132112696,289.482126462,1.0142472118959132,2.843,423053499.2892197,518479872,False,,
all_data,greater_london,osmium,2,132112696,287.862105737,1.0139294682422522,2.356,424850841.9025107,519254016,False,,
all_data,greater_london,osmium,3,132112696,288.50503766,1.013308287292817,2.315,422192407.47845286,519741440,False,,
all_data,greater_london,osmium,4,132112696,285.59597163800004,1.0141612426035531,2.319,425695653.1124263,518848512,False,,
all_data,greater_london,osmium,5,132112696,287.4454348879999,1.0138164933135148,2.32,422866400.80832094,521752576,False,,
all_data,greater_london,osmium,6,132112696,284.33052947299984,1.013391756405504,2.315,424652614.4404014,520867840,False,,
all_data,greater_london,osmium,7,132112696,285.4552479119998,1.0142651543324734,2.225,422296559.6251395,517713920,False,,
all_data,greater_london,osmium,8,132112696,288.71426266900016,1.0129224011713118,2.32,424744810.0732075,521416704,False,,
all_data,greater_london,osmium,9,132112696,285.3804664580002,1.0137419955323923,2.316,422408288.0714821,518778880,False,,
all_data,greater_london,osmium,10,132112696,282.8798426080002,1.0132594533882449,2.319,424675637.0018711,521154560,False,,
all_data,greater_london,pydriosm,1,132112696,0.0,0.0,0.0,0.0,0,False,ValueError,A linearring requires at least 4 coordinates.
all_data,greater_london,quackosm,1,132112696,59.67211793900003,1.8934218415417563,3.984,531307377.4732334,944295936,False,,
all_data,greater_london,quackosm,2,132112696,60.19871466099994,1.871248394004282,3.981,524036012.6766595,938000384,False,,
all_data,greater_london,quackosm,3,132112696,59.72020937500008,1.8948698481561808,3.993,525054360.7114968,932773888,False,,
all_data,greater_london,quackosm,4,132112696,59.72549002699998,1.896329741379312,3.985,526160463.4482759,928264192,False,,
all_data,greater_london,quackosm,5,132112696,59.25377379500003,1.9030495689655156,3.985,526016653.24137926,930201600,False,,
all_data,greater_london,quackosm,6,132112696,59.158405425999945,1.9121113537117893,4.016,527465816.3144103,950214656,False,,
all_data,greater_london,quackosm,7,132112696,59.69880282500003,1.8890606060606068,3.97,526039226.1818184,937459712,False,,
all_data,greater_london,quackosm,8,132112696,59.75216404800005,1.89538913043478,3.983,518282524.9391304,927506432,False,,
all_data,greater_london,quackosm,9,132112696,59.16075269099997,1.9093700440528647,3.986,526963075.9471364,925233152,False,,
all_data,greater_london,quackosm,10,132112696,59.74345440100012,1.8964291938997837,3.953,525328178.7538126,935051264,False,,
all_data,monaco,esy_osmshape,1,2106870,3.61221164899996,1.015791666666667,2.642,272396287.99999994,362594304,False,,
all_data,monaco,esy_osmshape,2,2106870,3.6193167489999496,1.0168333333333333,2.717,272577109.3333333,362594304,False,,
all_data,monaco,esy_osmshape,3,2106870,3.619678719000035,1.0154583333333336,2.628,272147541.3333334,362426368,False,,
all_data,monaco,esy_osmshape,4,2106870,3.6331874740000094,1.0180833333333326,2.633,272229632.00000006,362708992,False,,
all_data,monaco,esy_osmshape,5,2106870,3.6425709349999806,1.0161458333333333,2.571,272934997.33333343,362782720,False,,
all_data,monaco,esy_osmshape,6,2106870,3.6516767269999946,1.0157916666666658,2.642,272315647.99999994,362532864,False,,
all_data,monaco,esy_osmshape,7,2106870,3.650445579000007,1.016604166666666,2.604,273041493.3333333,362557440,False,,
all_data,monaco,esy_osmshape,8,2106870,3.6354538180000873,1.0144374999999994,2.6010000000000004,272485375.99999994,362582016,False,,
all_data,monaco,esy_osmshape,9,2106870,3.6845939580000495,1.002854166666667,2.251,271794517.3333334,362491904,False,,
all_data,monaco,esy_osmshape,10,2106870,3.622402457000021,1.0168124999999997,2.699,272126634.6666667,362598400,False,,
all_data,monaco,esy_osmshape,11,2106870,3.644325830000071,1.0161666666666669,2.557,272711850.66666657,362590208,False,,
all_data,monaco,esy_osmshape,12,2106870,3.662392000999944,1.016104166666666,2.568,271973802.6666666,362569728,False,,
all_data,monaco,esy_osmshape,13,2106870,3.687193933000003,1.0150416666666668,2.644,273176405.3333333,362770432,False,,
all_data,monaco,esy_osmshape,14,2106870,3.621460408999951,1.0160833333333332,2.508,271259904.0,362352640,False,,
all_data,monaco,esy_osmshape,15,2106870,3.6484582879999152,1.015395833333333,2.61,272698026.6666667,362762240,False,,
all_data,monaco,esy_osmshape,16,2106870,3.662040380999997,1.0161458333333335,2.573,272774741.3333333,362795008,False,,
all_data,monaco,esy_osmshape,17,2106870,3.6329451870000176,1.016541666666667,2.702,272463957.3333333,362643456,False,,
all_data,monaco,esy_osmshape,18,2106870,3.637030281999955,1.0177916666666664,2.632,272090282.6666667,362221568,False,,
all_data,monaco,esy_osmshape,19,2106870,3.658012421999956,1.0162083333333332,2.655,272504405.3333333,362586112,False,,
all_data,monaco,esy_osmshape,20,2106870,3.6221708930000887,1.0157291666666668,2.571,266367914.66666663,362532864,False,,
all_data,monaco,osmium,1,2106870,1.681618612999955,1.0448000000000004,2.604,212402585.6,276807680,False,,
all_data,monaco,osmium,2,2106870,1.7067181939999614,1.0496,2.68,212757026.13333333,277413888,False,,
all_data,monaco,osmium,3,2106870,1.6617359340000348,1.0434,2.4930000000000003,211190852.26666668,274771968,False,,
all_data,monaco,osmium,4,2106870,1.674531107000007,1.046766666666667,2.571,212204885.3333333,276451328,False,,
all_data,monaco,osmium,5,2106870,1.663471087000005,1.0476666666666663,2.753,203220582.4,274685952,False,,
all_data,monaco,osmium,6,2106870,1.7014581750000275,1.0477333333333332,2.682,213086481.06666663,277770240,False,,
all_data,monaco,osmium,7,2106870,1.6866581820000306,1.0499333333333334,2.609,211916663.46666667,276045824,False,,
all_data,monaco,osmium,8,2106870,1.6998223750000534,1.046266666666666,2.725,211497915.7333333,274997248,False,,
all_data,monaco,osmium,9,2106870,1.6780509430000166,1.045533333333333,2.611,211535598.9333333,274964480,False,,
all_data,monaco,osmium,10,2106870,1.7134184249999862,1.046266666666667,2.642,211330389.3333333,274911232,False,,
all_data,monaco,osmium,11,2106870,1.6797704790000123,1.0475666666666672,2.645,211166139.7333333,274522112,False,,
all_data,monaco,osmium,12,2106870,1.6854836140000202,1.0466999999999995,2.571,212802901.3333333,277794816,False,,
all_data,monaco,osmium,13,2106870,1.706370273999994,1.0476999999999996,2.555,212961143.46666667,277815296,False,,
all_data,monaco,osmium,14,2106870,1.6848530739999887,1.046833333333334,2.664,211679505.06666663,275632128,False,,
all_data,monaco,osmium,15,2106870,1.699830593999991,1.0451333333333337,2.627,211588983.46666667,275079168,False,,
all_data,monaco,osmium,16,2106870,1.695044815000017,1.0451666666666668,2.609,212378555.7333333,276905984,False,,
all_data,monaco,osmium,17,2106870,1.659131047000017,1.036166666666667,2.5380000000000003,211489177.6,274935808,False,,
all_data,monaco,osmium,18,2106870,1.6823803930000167,1.043166666666666,2.681,211809211.7333333,276832256,False,,
all_data,monaco,osmium,19,2106870,1.690677072000028,1.0469999999999997,2.656,211645781.3333333,275615744,False,,
all_data,monaco,osmium,20,2106870,1.6785301689999983,1.0472,2.545,213003332.26666665,279261184,False,,
all_data,monaco,pydriosm,1,2106870,8.514476154000022,0.9977741935483871,2.6460000000000004,314347079.56989247,367972352,False,,
all_data,monaco,pydriosm,2,2106870,8.400260405999916,1.009467391304348,2.651,315838642.08695656,369364992,False,,
all_data,monaco,pydriosm,3,2106870,8.34362391000002,1.0094395604395607,2.8360000000000003,314799790.41758245,368340992,False,,
all_data,monaco,pydriosm,4,2106870,8.378240105000032,1.0092391304347823,2.728,311865254.95652175,364269568,False,,
all_data,monaco,pydriosm,5,2106870,8.395465841999908,1.009336956521739,2.825,315406380.5217391,369266688,False,,
all_data,monaco,pydriosm,6,2106870,8.320264877,1.0092307692307692,2.5810000000000004,311904593.58241755,364298240,False,,
all_data,monaco,pydriosm,7,2106870,8.354050312000027,1.0092608695652174,2.669,311596788.8695653,364265472,False,,
all_data,monaco,pydriosm,8,2106870,8.376862211000002,1.0092934782608705,2.656,315806185.73913056,369704960,False,,
all_data,monaco,pydriosm,9,2106870,8.322483292000015,1.0087582417582424,2.633,316233480.43956035,369860608,False,,
all_data,monaco,pydriosm,10,2106870,8.401627034000057,1.0085326086956528,2.579,312259584.0,364552192,False,,
all_data,monaco,pydriosm,11,2106870,8.520951496000066,1.008924731182797,2.6,315460707.0967741,368410624,False,,
all_data,monaco,pydriosm,12,2106870,8.40649891299995,1.0089239130434782,2.702,312050910.6086958,364285952,False,,
all_data,monaco,pydriosm,13,2106870,8.370194484999956,1.0091956521739136,2.637,311676482.7826086,364208128,False,,
all_data,monaco,pydriosm,14,2106870,8.387183856999968,1.0091086956521744,2.657,315586203.82608706,369487872,False,,
all_data,monaco,pydriosm,15,2106870,8.308656400000018,1.008483516483517,2.63,313335492.9230769,366141440,False,,
all_data,monaco,pydriosm,16,2106870,8.400195059999987,1.0099891304347834,2.513,312194804.8695652,364445696,False,,
all_data,monaco,pydriosm,17,2106870,8.29615147200002,1.0088461538461535,2.579,311895276.30769235,364367872,False,,
all_data,monaco,pydriosm,18,2106870,8.353687040000068,1.0097608695652185,2.608,308765517.9130434,364605440,False,,
all_data,monaco,pydriosm,19,2106870,8.320439250999925,1.0100549450549452,2.645,313286250.9010988,366133248,False,,
all_data,monaco,pydriosm,20,2106870,8.350869615000079,1.009846153846154,2.632,313295523.1648351,366428160,False,,
all_data,monaco,pyrosm,1,2106870,4.870952421000084,1.0129333333333326,2.5,330196104.53333336,450482176,False,,
all_data,monaco,pyrosm,2,2106870,4.833942036999929,1.0131166666666669,2.627,329016934.39999986,438472704,False,,
all_data,monaco,pyrosm,3,2106870,4.820364874999996,1.010694915254237,2.529,329998752.5423729,439422976,False,,
all_data,monaco,pyrosm,4,2106870,4.831184163999978,1.0115762711864416,2.658,330340942.10169506,446570496,False,,
all_data,monaco,pyrosm,5,2106870,4.795702887999937,1.0108474576271185,2.504,330042628.338983,450691072,False,,
all_data,monaco,pyrosm,6,2106870,4.868421840999986,1.0099333333333331,2.545,329678370.13333344,437313536,False,,
all_data,monaco,pyrosm,7,2106870,4.814302624999982,1.012338983050848,2.537,331753090.1694915,448520192,False,,
all_data,monaco,pyrosm,8,2106870,4.81990250399997,1.0125833333333338,2.574,323288132.26666665,439123968,False,,
all_data,monaco,pyrosm,9,2106870,5.00221673100009,1.0119344262295085,2.622,332720363.0163935,450449408,False,,
all_data,monaco,pyrosm,10,2106870,4.856593688999965,1.0102833333333332,2.545,328543436.8000001,437403648,False,,
all_data,monaco,pyrosm,11,2106870,4.829818824999961,1.0128,2.573,324018653.8666667,442097664,False,,
all_data,monaco,pyrosm,12,2106870,4.823510947000045,1.0114406779661027,2.619,330830795.9322033,441573376,False,,
all_data,monaco,pyrosm,13,2106870,4.818166032000022,1.0121333333333338,2.575,323683396.26666665,449961984,False,,
all_data,monaco,pyrosm,14,2106870,4.827453013999957,1.0112033898305088,2.5380000000000003,329765349.9661017,454209536,False,,
all_data,monaco,pyrosm,15,2106870,4.768778281999971,1.010152542372882,2.483,323388849.89830506,440750080,False,,
all_data,monaco,pyrosm,16,2106870,4.813195498000027,1.0123728813559325,2.506,330716455.0508475,449855488,False,,
all_data,monaco,pyrosm,17,2106870,4.845795758999998,1.010100000000001,2.638,323941307.73333335,438968320,False,,
all_data,monaco,pyrosm,18,2106870,4.809413854000013,1.010610169491525,2.5380000000000003,329663019.3898306,441196544,False,,
all_data,monaco,pyrosm,19,2106870,4.865630986000042,1.0134833333333335,2.575,325154201.6,438296576,False,,
all_data,monaco,pyrosm,20,2106870,4.792936624000049,1.0116949152542378,2.487,328534675.5254237,441524224,False,,
all_data,monaco,quackosm,1,2106870,12.530413790000011,0.2890973451327434,3.225,330862012.03539807,484073472,False,,
all_data,monaco,quackosm,2,2106870,12.48833764899996,0.2719189189189188,2.974,322892661.6216216,449155072,False,,
all_data,monaco,quackosm,3,2106870,12.466907467,0.2776486486486486,3.12,326726001.00900894,459309056,False,,
all_data,monaco,quackosm,4,2106870,12.424432842999977,0.2714727272727275,3.248,322501762.3272727,446865408,False,,
all_data,monaco,quackosm,5,2106870,12.460026034000007,0.2656874999999999,3.616,321534207.9999998,450863104,False,,
all_data,monaco,quackosm,6,2106870,12.445106796999994,0.2652612612612611,3.4930000000000003,321674489.0810811,454438912,False,,
all_data,monaco,quackosm,7,2106870,12.48322829,0.2783603603603605,3.398,329643091.0270271,459370496,False,,
all_data,monaco,quackosm,8,2106870,12.42742456100001,0.2522660550458716,3.194,327312224.29357815,462438400,False,,
all_data,monaco,quackosm,9,2106870,12.480123655,0.2756964285714286,3.409,326416457.1428572,453636096,False,,
all_data,monaco,quackosm,10,2106870,12.457150351000053,0.2685855855855857,3.5860000000000003,327759742.8468467,465035264,False,,
all_data,monaco,quackosm,11,2106870,12.462001041999995,0.2773660714285714,3.43,322552978.28571445,461697024,False,,
all_data,monaco,quackosm,12,2106870,12.46611481299999,0.2684414414414415,3.29,324717300.4684685,454508544,False,,
all_data,monaco,quackosm,13,2106870,12.47760605100001,0.2731081081081081,3.315,327732362.37837845,451526656,False,,
all_data,monaco,quackosm,14,2106870,12.457977776000009,0.2651441441441443,3.535,323789611.8198197,462811136,False,,
all_data,monaco,quackosm,15,2106870,12.444402411999988,0.2834234234234233,3.543,325346091.81982,463667200,False,,
all_data,monaco,quackosm,16,2106870,12.498213543999952,0.281646017699115,3.656,320050456.9203541,447512576,False,,
all_data,monaco,quackosm,17,2106870,12.459459536000054,0.2745945945945948,3.582,330810487.9279279,457863168,False,,
all_data,monaco,quackosm,18,2106870,12.475137040999924,0.265767857142857,2.907,331095552.0000001,474017792,False,,
all_data,monaco,quackosm,19,2106870,12.458422720000044,0.2693571428571429,3.608,327507309.7142859,459431936,False,,
all_data,monaco,quackosm,20,2106870,12.43455119500004,0.2568623853211009,3.141,323071361.1743119,450678784,False,,
all_data,paris,esy_osmshape,1,44722711,137.86335125200003,0.9978038125496428,1.116,480304367.9364581,725774336,False,,
all_data,paris,esy_osmshape,2,44722711,138.32695227,0.9977141726049108,1.359,480063867.4394296,726474752,False,,
all_data,paris,esy_osmshape,3,44722711,138.33718142100008,0.9970764984227126,1.167,480170442.7003152,726228992,False,,
all_data,paris,esy_osmshape,4,44722711,138.6470519400001,0.9967393026941358,1.16,480465548.3740093,726605824,False,,
all_data,paris,esy_osmshape,5,44722711,139.14992674199993,0.997680884676144,1.308,481972761.0742498,727384064,False,,
all_data,paris,esy_osmshape,6,44722711,136.02904483499992,0.9968665594855312,1.114,482066543.94855326,727093248,False,,
all_data,paris,esy_osmshape,7,44722711,138.69483526199997,0.9964853291038864,1.125,479961052.269627,726376448,False,,
all_data,paris,esy_osmshape,8,44722711,139.32244797299995,0.9979724192277412,1.358,480374361.16627264,726204416,False,,
all_data,paris,esy_osmshape,9,44722711,137.72825637300002,0.99721060965954,1.124,480013113.36183697,726331392,False,,
all_data,paris,esy_osmshape,10,44722711,138.92515154500006,0.9980332278481004,1.367,479552907.341772,726904832,False,,
all_data,paris,osmium,1,44722711,72.48608779799997,1.0170338733431523,2.228,339340624.3063327,400867328,False,,
all_data,paris,osmium,2,44722711,72.77908406799997,1.0151184210526305,2.313,340208041.16959107,400502784,False,,
all_data,paris,osmium,3,44722711,71.613496779,1.015725782414306,2.124,339368567.797317,400429056,False,,
all_data,paris,osmium,4,44722711,72.80299958000006,1.015374816983895,2.311,338944059.97071767,400400384,False,,
all_data,paris,osmium,5,44722711,71.720816722,1.0167540983606562,2.214,339450683.1356185,400584704,False,,
all_data,paris,osmium,6,44722711,71.65288782000005,1.0170760059612522,2.285,339126421.55588645,400982016,False,,
all_data,paris,osmium,7,44722711,71.65997330699997,1.0159836552748862,2.123,340004450.1396732,401686528,False,,
all_data,paris,osmium,8,44722711,72.07116108299999,1.0155805022156528,2.213,339972053.64844906,400670720,False,,
all_data,paris,osmium,9,44722711,72.20105397999998,1.0140530191458017,2.303,339573408.61266553,400478208,False,,
all_data,paris,osmium,10,44722711,73.23947299500003,1.015439592430858,2.212,339693907.8427949,399884288,False,,
all_data,paris,pydriosm,1,44722711,268.711700302,0.9970287581699354,2.377,1264757263.3934624,2005684224,False,,
all_data,paris,pydriosm,2,44722711,268.84282306700004,0.998578473413379,1.852,1270628155.279589,2007220224,False,,
all_data,paris,pydriosm,3,44722711,266.782633639,0.998349736379612,1.851,1265829114.1511436,2002649088,False,,
all_data,paris,pydriosm,4,44722711,267.3830467749999,0.9975513489991312,1.848,1268812087.9234104,2007756800,False,,
all_data,paris,pydriosm,5,44722711,270.87160519300005,0.998156879554225,1.912,1272678205.9974267,2010193920,False,,
all_data,paris,pydriosm,6,44722711,269.7144180129999,0.9974557793345056,1.902,1266899652.3712769,2005250048,False,,
all_data,paris,pydriosm,7,44722711,266.7036482159999,0.9976413043478256,1.914,1270833191.1791303,2008694784,False,,
all_data,paris,pydriosm,8,44722711,276.1139115860001,0.9980155527532586,1.857,1270813135.145858,2008186880,False,,
all_data,paris,pydriosm,9,44722711,273.4364406020004,0.997311631944442,1.85,1268458618.666665,2005667840,False,,
all_data,paris,pydriosm,10,44722711,267.9187185999999,0.9975161009573568,1.922,1273401843.0774584,2011226112,False,,
all_data,paris,pyrosm,1,44722711,486.109687039,0.9830231696014866,1.109,5487990784.632689,15224573952,False,,
all_data,paris,pyrosm,2,44722711,480.655815016,0.9828570075757548,1.348,5520822035.393954,15319416832,False,,
all_data,paris,pyrosm,3,44722711,483.9051042859999,0.9812343297974894,1.097,5489404246.979103,15319678976,False,,
all_data,paris,pyrosm,4,44722711,486.872593414,0.9827184713375744,2.777,5476459684.361789,15301296128,False,,
all_data,paris,pyrosm,5,44722711,486.7206411689999,0.9812079334612884,1.102,5458906796.632121,15252492288,False,,
all_data,paris,pyrosm,6,44722711,486.746023485,0.9813511961722462,1.096,5479523606.619445,15277936640,False,,
all_data,paris,pyrosm,7,44722711,486.021974753,0.9815312500000004,1.097,5446983656.489786,15281164288,False,,
all_data,paris,pyrosm,8,44722711,485.21496362000016,0.9811067092651756,1.108,5464790542.722061,15266652160,False,,
all_data,paris,pyrosm,9,44722711,486.4828289349998,0.9818074474856768,1.102,5473016717.932527,15262040064,False,,
all_data,paris,pyrosm,10,44722711,485.6997677590007,0.9819524720893128,1.33,5471208755.363319,15277187072,False,,
all_data,paris,quackosm,1,44722711,24.423500929,1.4198282828282829,3.974,432359424.0,676708352,False,,
all_data,paris,quackosm,2,44722711,24.552617933000025,1.439548717948718,3.962,430162655.1794869,669241344,False,,
all_data,paris,quackosm,3,44722711,24.44658505899997,1.4177589743589742,3.967,426322917.7435899,669896704,False,,
all_data,paris,quackosm,4,44722711,24.50600339999994,1.4267512953367882,3.948,425832554.1139895,691478528,False,,
all_data,paris,quackosm,5,44722711,24.497529573000065,1.422618556701031,3.988,432095147.54639167,692711424,False,,
all_data,paris,quackosm,6,44722711,24.391020098000013,1.414907216494846,3.953,430199522.96907216,664088576,False,,
all_data,paris,quackosm,7,44722711,24.57691282399992,1.4166615384615386,4.009,426752304.5743588,694431744,False,,
all_data,paris,quackosm,8,44722711,24.384987045999992,1.4178923076923071,3.937,436243681.8051283,692092928,False,,
all_data,paris,quackosm,9,44722711,24.471279460000005,1.4363999999999997,3.996,425681862.23589736,666345472,False,,
all_data,paris,quackosm,10,44722711,24.397590186,1.4172602040816331,3.97,431996844.4081633,669835264,False,,
all_data,poland,esy_osmshape,1,1938807459,0.0,0.0,0.0,0.0,0,True,,
all_data,poland,osmium,1,1938807459,0.0,0.0,0.0,0.0,0,True,,
all_data,poland,quackosm,1,1938807459,1006.9964425309998,1.9919103889709455,4.021,1850524441.92352,8932544512,False,,
all_data,poland,quackosm,2,1938807459,1036.82948356,1.8952789093825135,4.0,1599409706.9472327,8923381760,False,,
all_data,poland,quackosm,3,1938807459,1017.2786866800002,1.9571037593984992,4.0,1696474974.829079,8935403520,False,,
all_data,poland,quackosm,4,1938807459,1020.6158922389995,1.93611123947846,3.994,1641813257.16851,8931209216,False,,
all_data,poland,quackosm,5,1938807459,1041.3874060339997,1.9082913692407548,4.0,1597511252.724204,8927731712,False,,
all_data,portugal,esy_osmshape,1,373938362,0.0,0.0,0.0,0.0,0,True,,
all_data,portugal,osmium,1,373938362,1008.377166075,1.0118101212440826,2.3,885170373.7826033,1349660672,False,,
all_data,portugal,osmium,2,373938362,1004.305670778,1.0121006768189609,2.294,887481032.9881561,1224744960,False,,
all_data,portugal,osmium,3,373938362,1010.156490513,1.0117196969697135,2.305,888477508.5252533,1405112320,False,,
all_data,portugal,osmium,4,373938362,1014.89863471,1.0117074958123995,2.315,888190340.9313228,1225199616,False,,
all_data,portugal,osmium,5,373938362,1012.7527327299996,1.0120736775818673,2.305,887325171.5331632,1233670144,False,,
all_data,portugal,pydriosm,1,373938362,1409.064120917,0.9461318966489876,2.246,5469655711.498132,12083933184,False,,
all_data,portugal,pydriosm,2,373938362,1389.352664979,0.962846486732721,2.064,5425755796.859585,12479373312,False,,
all_data,portugal,pydriosm,3,373938362,1344.0693848240005,0.9607251881046204,1.994,5441885446.084323,12476334080,False,,
all_data,portugal,pydriosm,4,373938362,1345.0166112650004,0.9584058178350028,2.0780000000000003,5427766789.615632,12472532992,False,,
all_data,portugal,pydriosm,5,373938362,1333.221846085,0.9614577490111476,2.177,5433507429.565378,12475936768,False,,
all_data,portugal,quackosm,1,373938362,172.40318094500003,2.067244548286604,4.017,925335137.2959502,2446594048,False,,
all_data,portugal,quackosm,2,373938362,173.15387630499993,2.053419984387197,4.01,942595581.2021848,2682003456,False,,
all_data,portugal,quackosm,3,373938362,172.70224086200005,2.0615636363636325,4.003,905335098.0806332,2516701184,False,,
all_data,portugal,quackosm,4,373938362,173.9657469419999,2.0644221698113228,3.975,986938010.566038,2783465472,False,,
all_data,portugal,quackosm,5,373938362,172.65747115,2.0805133647798715,4.016,932552968.0503154,2726121472,False,,
all_data,us_district-of-columbia,esy_osmshape,1,19955805,86.19363021200002,0.9996343283582084,2.623,439278688.7960199,709402624,False,,
all_data,us_district-of-columbia,esy_osmshape,2,19955805,85.90442839499997,0.998995012468827,2.604,439817479.0224439,708984832,False,,
all_data,us_district-of-columbia,esy_osmshape,3,19955805,86.42083680500014,0.9997416563658824,2.575,439954600.3461066,709074944,False,,
all_data,us_district-of-columbia,esy_osmshape,4,19955805,86.01042473799998,0.9994695652173912,2.6710000000000003,440013120.5565217,709607424,False,,
all_data,us_district-of-columbia,esy_osmshape,5,19955805,84.93231831099979,0.99959949622166,2.708,440886047.5969775,709390336,False,,
all_data,us_district-of-columbia,esy_osmshape,6,19955805,88.80966636499988,0.9986646415552856,2.545,437215789.41433793,708882432,False,,
all_data,us_district-of-columbia,esy_osmshape,7,19955805,88.57768721899993,0.9986102314250896,2.596,436796417.2472596,709369856,False,,
all_data,us_district-of-columbia,esy_osmshape,8,19955805,86.58608956500007,0.998730434782608,2.485,438565548.36273295,709160960,False,,
all_data,us_district-of-columbia,esy_osmshape,9,19955805,86.58342980800012,0.999141439205956,2.53,440180863.0471463,709197824,False,,
all_data,us_district-of-columbia,esy_osmshape,10,19955805,85.13505026300004,0.9991045340050376,2.6910000000000003,439649132.97733015,709255168,False,,
all_data,us_district-of-columbia,osmium,1,19955805,47.68551115399998,1.0144090909090897,2.587,307749023.5844156,357883904,False,,
all_data,us_district-of-columbia,osmium,2,19955805,47.74582204599994,1.0149825708061,2.604,306544158.117647,357564416,False,,
all_data,us_district-of-columbia,osmium,3,19955805,47.9205291400001,1.0146753246753253,2.573,307949053.7835498,357502976,False,,
all_data,us_district-of-columbia,osmium,4,19955805,48.573444816000006,1.0144860813704493,2.536,308138519.02355444,357986304,False,,
all_data,us_district-of-columbia,osmium,5,19955805,48.23958570800005,1.0152884615384603,2.61,307297402.5299144,358240256,False,,
all_data,us_district-of-columbia,osmium,6,19955805,48.14312233500005,1.0145460385438965,2.645,307233680.17130643,358305792,False,,
all_data,us_district-of-columbia,osmium,7,19955805,47.65533287299991,1.014479392624729,2.544,307566996.2689806,358690816,False,,
all_data,us_district-of-columbia,osmium,8,19955805,47.94604429399999,1.0145692640692616,2.504,307148401.0389614,357326848,False,,
all_data,us_district-of-columbia,osmium,9,19955805,48.63103614299996,1.0143297644539602,2.661,308668043.2376872,358756352,False,,
all_data,us_district-of-columbia,osmium,10,19955805,48.180905941000105,1.0142950108459858,2.604,307672532.68546623,357900288,False,,
all_data,us_district-of-columbia,pydriosm,1,19955805,232.335271541,0.9965940108001968,2.679,1086103582.1620026,1776889856,False,,
all_data,us_district-of-columbia,pydriosm,2,19955805,234.348376704,0.998228255646323,2.609,1093657083.8173952,1782390784,False,,
all_data,us_district-of-columbia,pydriosm,3,19955805,232.58545106199995,0.9983473837209302,2.759,1088107922.8527136,1776304128,False,,
all_data,us_district-of-columbia,pydriosm,4,19955805,232.42303182,0.9970993605509076,2.7060000000000004,1086655409.9281857,1776078848,False,,
all_data,us_district-of-columbia,pydriosm,5,19955805,230.5330548480001,0.9984171958964314,2.67,1089977113.387396,1778974720,False,,
all_data,us_district-of-columbia,pydriosm,6,19955805,232.3929272580001,0.9986022286821707,2.73,1091366392.0620158,1780355072,False,,
all_data,us_district-of-columbia,pydriosm,7,19955805,231.33040971800008,0.9981650438169398,2.063,1089950713.0204484,1779748864,False,,
all_data,us_district-of-columbia,pydriosm,8,19955805,231.8101415499998,0.998269902912624,2.668,1091572853.3126214,1780363264,False,,
all_data,us_district-of-columbia,pydriosm,9,19955805,233.479564192,0.9970294117647044,2.5660000000000003,1086679335.1529405,1776422912,False,,
all_data,us_district-of-columbia,pydriosm,10,19955805,229.92277506900015,0.9977858197932064,2.513,1088797911.2870507,1779142656,False,,
all_data,us_district-of-columbia,pyrosm,1,19955805,101.53444149199998,0.9855115089514076,2.685,2974978157.9948826,5105123328,False,,
all_data,us_district-of-columbia,pyrosm,2,19955805,103.31480980700002,0.9857550505050514,2.676,2987855685.818181,5036957696,False,,
all_data,us_district-of-columbia,pyrosm,3,19955805,102.28765843300005,0.9849142125480176,2.505,2990519221.2650456,5103177728,False,,
all_data,us_district-of-columbia,pyrosm,4,19955805,101.85698853399992,0.9841806451612894,2.664,2976983143.0606465,5099642880,False,,
all_data,us_district-of-columbia,pyrosm,5,19955805,103.105544881,0.9846598984771584,2.605,2980980195.4111657,5059506176,False,,
all_data,us_district-of-columbia,pyrosm,6,19955805,101.925293463,0.9844878361075572,2.614,2986450818.130606,5107417088,False,,
all_data,us_district-of-columbia,pyrosm,7,19955805,103.36074679099988,0.9839262086513996,2.725,2979222316.9465632,5023043584,False,,
all_data,us_district-of-columbia,pyrosm,8,19955805,104.48092755699986,0.9827206632653068,2.568,2974469125.224491,5040250880,False,,
all_data,us_district-of-columbia,pyrosm,9,19955805,103.82896704100015,0.9831404853129,2.509,2983715888.388254,5106348032,False,,
all_data,us_district-of-columbia,pyrosm,10,19955805,103.45139323099988,0.9823716129032266,2.483,2977215679.587091,5038587904,False,,
all_data,us_district-of-columbia,quackosm,1,19955805,20.132548456999984,1.068417142857143,3.96,394618002.2857143,653545472,False,,
all_data,us_district-of-columbia,quackosm,2,19955805,19.563028583000005,1.0891775147928984,4.008,388297164.4970415,647028736,False,,
all_data,us_district-of-columbia,quackosm,3,19955805,19.59397163299991,1.0940236686390534,3.985,394717874.745562,667336704,False,,
all_data,us_district-of-columbia,quackosm,4,19955805,19.61158819100001,1.1103035714285714,3.988,396564894.47619057,677883904,False,,
all_data,us_district-of-columbia,quackosm,5,19955805,19.585666126999968,1.088218934911242,3.964,392570843.6449706,658964480,False,,
all_data,us_district-of-columbia,quackosm,6,19955805,19.563336467,1.0917882352941175,3.984,395552502.96470594,642187264,False,,
all_data,us_district-of-columbia,quackosm,7,19955805,19.54919578399995,1.098113095238095,3.936,396822820.5714287,648404992,False,,
all_data,us_district-of-columbia,quackosm,8,19955805,20.633494334000037,1.0527670454545464,3.948,389581312.0,647241728,False,,
all_data,us_district-of-columbia,quackosm,9,19955805,19.59555173600006,1.1069644970414207,3.939,391969264.8520711,628314112,False,,
all_data,us_district-of-columbia,quackosm,10,19955805,19.47767694599997,1.0865297619047614,3.976,393138127.2380952,652009472,False,,
buildings,greater_london,esy_osmshape,1,132112696,561.1262350449999,0.9997128712871332,2.579,486773852.44030297,601194496,False,,
buildings,greater_london,esy_osmshape,2,132112696,563.8402157720002,0.9997596358706252,2.5810000000000004,486478610.9905092,600375296,False,,
buildings,greater_london,esy_osmshape,3,132112696,560.5615469099998,0.9997253644314912,2.661,487081602.2639454,599924736,False,,
buildings,greater_london,esy_osmshape,4,132112696,566.5001878849998,0.9996743066255838,2.573,488013751.42064697,601174016,False,,
buildings,greater_london,esy_osmshape,5,132112696,559.4073225049997,0.9997395873880964,2.605,487820065.98053753,600068096,False,,
buildings,greater_london,esy_osmshape,6,132112696,563.804791478,0.9997473908001606,2.567,487490462.2311559,600641536,False,,
buildings,greater_london,esy_osmshape,7,132112696,562.6387735069998,0.999754556029467,2.6060000000000003,488384459.588988,602800128,False,,
buildings,greater_london,esy_osmshape,8,132112696,563.9948456149996,0.9997103581800644,2.579,486589532.5862538,600875008,False,,
buildings,greater_london,esy_osmshape,9,132112696,566.2328217269996,0.9996981895223336,2.636,487257335.7164871,601919488,False,,
buildings,greater_london,esy_osmshape,10,132112696,565.2641747100006,0.9996610595514364,2.568,487546896.6310907,599560192,False,,
buildings,greater_london,osmium,1,132112696,92.177925029,1.0400884041331775,2.732,430188221.8691161,517783552,False,,
buildings,greater_london,osmium,2,132112696,91.88698749599996,1.0398206896551716,2.506,430278698.372414,518434816,False,,
buildings,greater_london,osmium,3,132112696,93.25363557699995,1.040889014722537,2.576,431488189.0283125,517992448,False,,
buildings,greater_london,osmium,4,132112696,92.39231921199996,1.0410831435079717,2.654,432701892.51936185,518918144,False,,
buildings,greater_london,osmium,5,132112696,92.53628640399997,1.043198403648799,2.685,430766063.65336376,518656000,False,,
buildings,greater_london,osmium,6,132112696,92.42025019000005,1.0399704209328764,2.5780000000000003,431060174.1979525,518066176,False,,
buildings,greater_london,osmium,7,132112696,91.86948293899992,1.0404068571428535,2.672,431013242.0022855,518844416,False,,
buildings,greater_london,osmium,8,132112696,91.7039928390002,1.0400068965517244,2.576,431859448.3494254,519225344,False,,
buildings,greater_london,osmium,9,132112696,93.42430136100006,1.0390880361173804,2.58,432400004.9119636,518725632,False,,
buildings,greater_london,osmium,10,132112696,90.23242478099996,1.0419057043073283,2.556,430495679.6274738,517304320,False,,
buildings,greater_london,pyrosm,1,132112696,119.23283060200004,0.8068439821693912,2.792,8276018064.927192,12253327360,False,,
buildings,greater_london,pyrosm,2,132112696,117.36205345300004,0.8021450381679387,2.604,8239057480.696185,12253040640,False,,
buildings,greater_london,pyrosm,3,132112696,117.60161832200004,0.7989647779479329,2.602,8247133947.687597,12249567232,False,,
buildings,greater_london,pyrosm,4,132112696,116.03077991199996,0.8030923076923082,2.677,8230501939.987692,12256964608,False,,
buildings,greater_london,pyrosm,5,132112696,116.23842465000008,0.8043149847094794,2.509,8241559721.100918,12253982720,False,,
buildings,greater_london,pyrosm,6,132112696,117.58285929099998,0.7971516079632465,2.575,8252583578.462482,12257841152,False,,
buildings,greater_london,pyrosm,7,132112696,118.37547057899997,0.7977975646879758,2.752,8252450956.273972,12256796672,False,,
buildings,greater_london,pyrosm,8,132112696,117.53984315399998,0.8017694656488551,2.672,8249399186.564885,12261642240,False,,
buildings,greater_london,pyrosm,9,132112696,119.41051049299996,0.7921430745814313,2.735,8250742967.914767,12240060416,False,,
buildings,greater_london,pyrosm,10,132112696,119.09974586599992,0.7936027397260261,2.705,8243582268.395741,12242108416,False,,
buildings,greater_london,quackosm,1,132112696,44.768972926,1.886972677595628,3.989,476253883.4535519,874491904,False,,
buildings,greater_london,quackosm,2,132112696,43.52854000299999,1.9013966005665703,3.985,428473010.4022662,829968384,False,,
buildings,greater_london,quackosm,3,132112696,43.63936122299998,1.8937387640449432,3.996,432301148.04494417,820625408,False,,
buildings,greater_london,quackosm,4,132112696,43.740352481,1.907909859154928,3.985,432777244.8450706,827076608,False,,
buildings,greater_london,quackosm,5,132112696,44.13141666700005,1.8720720221606617,3.993,430360717.8282548,827400192,False,,
buildings,greater_london,quackosm,6,132112696,44.14722837700003,1.878887323943664,3.985,434596884.1915495,831737856,False,,
buildings,greater_london,quackosm,7,132112696,44.36211095700003,1.8708879551820723,3.984,433663759.0588235,822075392,False,,
buildings,greater_london,quackosm,8,132112696,44.543753939,1.8831587743732583,3.987,438187547.09749305,828997632,False,,
buildings,greater_london,quackosm,9,132112696,44.264530025,1.8761713483146076,3.995,428985689.1685395,840794112,False,,
buildings,greater_london,quackosm,10,132112696,44.17625269899997,1.8830420168067232,3.984,449104348.1456584,831008768,False,,
buildings,monaco,esy_osmshape,1,2106870,1.67280818800009,1.0298000000000005,2.702,213832772.26666668,284102656,False,,
buildings,monaco,esy_osmshape,2,2106870,1.6675047469999529,1.0270000000000004,2.704,213995383.46666667,284278784,False,,
buildings,monaco,esy_osmshape,3,2106870,1.673131099000102,1.027233333333333,2.705,213632068.26666668,284270592,False,,
buildings,monaco,esy_osmshape,4,2106870,1.6612949789999902,1.0313,2.55,204948138.66666663,283963392,False,,
buildings,monaco,esy_osmshape,5,2106870,1.6693123939999168,1.0307241379310343,2.568,212061360.5517241,283987968,False,,
buildings,monaco,esy_osmshape,6,2106870,1.6681466840000212,1.0285666666666664,2.668,205102830.9333333,283901952,False,,
buildings,monaco,esy_osmshape,7,2106870,1.6689112320000277,1.0289,2.641,213525299.2,284045312,False,,
buildings,monaco,esy_osmshape,8,2106870,1.6825906970000233,1.0256333333333325,2.508,213726958.9333333,284160000,False,,
buildings,monaco,esy_osmshape,9,2106870,1.6612500599999294,1.0274999999999996,2.512,204852155.7333333,283983872,False,,
buildings,monaco,esy_osmshape,10,2106870,1.6794903449999763,1.029166666666667,2.674,213835093.3333333,284237824,False,,
buildings,monaco,esy_osmshape,11,2106870,1.6824024860000009,1.0277666666666667,2.745,214028697.6,284291072,False,,
buildings,monaco,esy_osmshape,12,2106870,1.6621348669999634,1.0258333333333332,2.61,213194478.9333333,284168192,False,,
buildings,monaco,esy_osmshape,13,2106870,1.668615057000011,1.0259999999999996,2.722,213519291.7333333,283967488,False,,
buildings,monaco,esy_osmshape,14,2106870,1.6582183790000045,1.0280333333333334,2.705,204782523.7333333,284258304,False,,
buildings,monaco,esy_osmshape,15,2106870,1.6690809609999633,1.0285666666666669,2.587,213201305.6,283922432,False,,
buildings,monaco,esy_osmshape,16,2106870,1.6616319859999749,1.0295666666666663,2.655,205187072.0,284135424,False,,
buildings,monaco,esy_osmshape,17,2106870,1.6665658929999836,1.0305333333333333,2.699,205031150.9333333,284106752,False,,
buildings,monaco,esy_osmshape,18,2106870,1.6832175590000134,1.0260333333333331,2.675,213806421.3333333,284430336,False,,
buildings,monaco,esy_osmshape,19,2106870,1.7034326899999996,1.0295333333333334,2.664,213540044.8,284139520,False,,
buildings,monaco,esy_osmshape,20,2106870,1.6670552799999996,1.0293666666666663,2.582,213975313.06666663,284364800,False,,
buildings,monaco,osmium,1,2106870,0.5544536369999378,1.0692,2.592,167641088.0,277385216,False,,
buildings,monaco,osmium,2,2106870,0.5600906270000223,1.07245,2.656,178838527.99999997,275038208,False,,
buildings,monaco,osmium,3,2106870,0.5590644430000111,1.0698000000000003,2.506,177895833.6,276180992,False,,
buildings,monaco,osmium,4,2106870,0.5439180360000364,1.07065,2.5,165050982.4,274821120,False,,
buildings,monaco,osmium,5,2106870,0.5535248399999091,1.0716842105263158,2.571,176978243.36842105,276623360,False,,
buildings,monaco,osmium,6,2106870,0.5508310300000403,1.071526315789474,2.604,175484281.2631579,274141184,False,,
buildings,monaco,osmium,7,2106870,0.5444928250000203,1.0702105263157893,2.639,177162778.9473684,275578880,False,,
buildings,monaco,osmium,8,2106870,0.551866743000005,1.0686000000000002,2.574,178890752.0,275460096,False,,
buildings,monaco,osmium,9,2106870,0.556749429999968,1.0711499999999998,2.768,165917286.4,275673088,False,,
buildings,monaco,osmium,10,2106870,0.5690674789999548,1.0759999999999998,2.509,176111400.42105263,274571264,False,,
buildings,monaco,osmium,11,2106870,0.558592307999902,1.0698500000000002,2.5610000000000004,166348595.2,273764352,False,,
buildings,monaco,osmium,12,2106870,0.5559572989999424,1.0678,2.549,167128473.6,277594112,False,,
buildings,monaco,osmium,13,2106870,0.5858769139999822,1.0718500000000002,2.572,180186316.8,277725184,False,,
buildings,monaco,osmium,14,2106870,0.5607857689999491,1.06975,2.5610000000000004,177322188.8,274116608,False,,
buildings,monaco,osmium,15,2106870,0.5727980670000079,1.069736842105263,2.536,176965093.0526316,274591744,False,,
buildings,monaco,osmium,16,2106870,0.5713690170000518,1.06635,2.532,177889075.2,275927040,False,,
buildings,monaco,osmium,17,2106870,0.5646918040000628,1.0691000000000002,2.532,177706393.6,275525632,False,,
buildings,monaco,osmium,18,2106870,0.5457690179999872,1.071736842105263,2.655,175404948.21052632,275496960,False,,
buildings,monaco,osmium,19,2106870,0.5452034999999569,1.0692631578947367,2.485,175484281.2631579,273797120,False,,
buildings,monaco,osmium,20,2106870,0.558305095000037,1.0648500000000003,2.547,177370521.6,275525632,False,,
buildings,monaco,osmnx,1,3876370,2.7122633980000046,0.5176000000000001,2.638,211730944.0,287129600,False,,
buildings,monaco,osmnx,2,3876370,0.4969750860000204,1.042894736842105,2.635,176945690.9473684,286253056,False,,
buildings,monaco,osmnx,3,3876370,0.4995472730000188,1.043842105263158,2.502,177344943.15789473,286220288,False,,
buildings,monaco,osmnx,4,3876370,0.4986500549999846,1.0450000000000002,2.657,177053264.84210527,286150656,False,,
buildings,monaco,osmnx,5,3876370,0.5032763049999858,1.0402631578947368,2.672,176045864.42105263,278642688,False,,
buildings,monaco,osmnx,6,3876370,0.502155442000003,1.0413684210526315,2.491,176071302.7368421,298041344,False,,
buildings,monaco,osmnx,7,3876370,0.506179201000009,1.039736842105263,2.701,176602489.2631579,284655616,False,,
buildings,monaco,osmnx,8,3876370,0.497270436000008,1.046105263157895,2.587,163624636.63157895,286416896,False,,
buildings,monaco,osmnx,9,3876370,0.5324888160000114,1.044157894736842,2.738,177309157.0526316,280289280,False,,
buildings,monaco,osmnx,10,3876370,0.5033446049999952,1.0485263157894735,2.65,177526676.21052632,286240768,False,,
buildings,monaco,osmnx,11,3876370,0.4985863030000246,1.041631578947369,2.725,177344727.57894737,286408704,False,,
buildings,monaco,osmnx,12,3876370,0.4984058240000308,1.048105263157895,2.7,177210206.31578946,286253056,False,,
buildings,monaco,osmnx,13,3876370,0.5009083310000051,1.0457894736842104,2.544,174407464.42105263,278450176,False,,
buildings,monaco,osmnx,14,3876370,0.4989914669999962,1.0421578947368424,2.669,176832296.42105263,284876800,False,,
buildings,monaco,osmnx,15,3876370,0.4961495360000185,1.0462105263157897,2.6060000000000003,176478962.52631578,280092672,False,,
buildings,monaco,osmnx,16,3876370,0.5012702259999742,1.045842105263158,2.514,177068786.52631578,286310400,False,,
buildings,monaco,osmnx,17,3876370,0.5028749300000186,1.0367368421052632,2.564,177359818.10526314,286273536,False,,
buildings,monaco,osmnx,18,3876370,0.5089302530000168,1.0416315789473685,2.512,175436422.7368421,278294528,False,,
buildings,monaco,osmnx,19,3876370,0.4927993449999803,1.0437894736842102,2.617,176598177.68421054,285868032,False,,
buildings,monaco,osmnx,20,3876370,0.5000911550000069,1.047842105263158,2.508,177078272.0,286220288,False,,
buildings,monaco,pyrosm,1,2106870,0.7645141969999827,1.0334285714285716,2.684,204393325.7142857,353124352,False,,
buildings,monaco,pyrosm,2,2106870,0.7386453220000249,1.0381428571428577,2.756,205048295.61904767,352153600,False,,
buildings,monaco,pyrosm,3,2106870,0.7399048080000057,1.0381428571428577,2.915,205732717.7142857,352100352,False,,
buildings,monaco,pyrosm,4,2106870,0.7267747329999565,1.0056666666666672,2.191,204925220.57142857,352083968,False,,
buildings,monaco,pyrosm,5,2106870,0.729617519000044,1.0343809523809526,2.7910000000000004,205057852.95238096,353116160,False,,
buildings,monaco,pyrosm,6,2106870,0.7275227780000364,1.0397142857142856,2.572,203967341.7142857,352182272,False,,
buildings,monaco,pyrosm,7,2106870,0.7267238599999928,1.040047619047619,2.6060000000000003,205436050.2857143,352047104,False,,
buildings,monaco,pyrosm,8,2106870,0.732596333999993,1.0425714285714285,2.655,202465084.95238096,352751616,False,,
buildings,monaco,pyrosm,9,2106870,0.7273068879999869,1.0422857142857145,2.7,205711847.6190476,353312768,False,,
buildings,monaco,pyrosm,10,2106870,0.7253617499999905,1.0386190476190476,2.594,205488128.0,352944128,False,,
buildings,monaco,pyrosm,11,2106870,0.725376644999983,1.0377619047619049,2.727,203232012.19047615,352219136,False,,
buildings,monaco,pyrosm,12,2106870,0.7306942760000084,1.0196190476190476,2.5660000000000003,205723355.42857143,353251328,False,,
buildings,monaco,pyrosm,13,2106870,0.732355876999975,1.0410952380952383,2.7030000000000003,205498270.47619048,353300480,False,,
buildings,monaco,pyrosm,14,2106870,0.7315283450000152,1.036142857142857,2.761,204990951.6190476,352247808,False,,
buildings,monaco,pyrosm,15,2106870,0.7346655380000016,1.0334761904761909,2.658,205903774.4761904,353730560,False,,
buildings,monaco,pyrosm,16,2106870,0.7211664449999944,1.0362857142857145,2.7230000000000003,205298736.7619048,352837632,False,,
buildings,monaco,pyrosm,17,2106870,0.7209262380000041,1.0366190476190478,2.7310000000000003,206389443.04761904,354512896,False,,
buildings,monaco,pyrosm,18,2106870,0.7291198540000323,1.0390952380952387,2.721,203187151.2380952,353038336,False,,
buildings,monaco,pyrosm,19,2106870,0.754380316000038,1.0380476190476196,2.574,205166299.42857143,351907840,False,,
buildings,monaco,pyrosm,20,2106870,0.7239632429999574,1.0365714285714287,2.657,205599500.19047615,353144832,False,,
buildings,monaco,quackosm,1,2106870,13.02365450000002,0.3198983050847458,2.932,349815651.7966103,450109440,False,,
buildings,monaco,quackosm,2,2106870,12.432239270999958,0.2557363636363637,3.188,318054735.12727255,419827712,False,,
buildings,monaco,quackosm,3,2106870,12.392901585999994,0.2547567567567568,3.008,323405288.9369369,437460992,False,,
buildings,monaco,quackosm,4,2106870,12.414748377999956,0.265162162162162,3.455,323129270.1981982,424439808,False,,
buildings,monaco,quackosm,5,2106870,12.36574200199999,0.2312293577981651,3.099,325708208.1467891,413638656,False,,
buildings,monaco,quackosm,6,2106870,12.395529772000032,0.2537477477477477,3.4,322033940.7567568,422940672,False,,
buildings,monaco,quackosm,7,2106870,12.358076239000011,0.2505714285714286,3.065,325872676.5714286,425652224,False,,
buildings,monaco,quackosm,8,2106870,12.448160542999972,0.254513274336283,3.592,313843095.7876108,411361280,False,,
buildings,monaco,quackosm,9,2106870,12.40849904800001,0.2595181818181818,3.602,318093907.7818182,424316928,False,,
buildings,monaco,quackosm,10,2106870,12.408661733999963,0.2555999999999999,3.606,323027539.7818183,416489472,False,,
buildings,monaco,quackosm,11,2106870,12.380868153000051,0.2564464285714284,3.057,322541750.85714287,424706048,False,,
buildings,monaco,quackosm,12,2106870,12.329464180999992,0.2595135135135136,3.643,318310750.55855864,423481344,False,,
buildings,monaco,quackosm,13,2106870,12.375120597999969,0.2582432432432433,3.559,324716341.0450449,422490112,False,,
buildings,monaco,quackosm,14,2106870,12.346251731999985,0.2640178571428571,3.2230000000000003,319856237.71428555,402468864,False,,
buildings,monaco,quackosm,15,2106870,12.377971003000027,0.2604732142857143,3.144,321098642.28571445,426381312,False,,
buildings,monaco,quackosm,16,2106870,12.44102442899998,0.2597657657657659,3.202,320276978.1621623,414887936,False,,
buildings,monaco,quackosm,17,2106870,12.425179184000058,0.2497410714285715,3.012,321220022.85714287,429309952,False,,
buildings,monaco,quackosm,18,2106870,12.355611028999988,0.2605089285714285,3.48,321697792.0000001,427360256,False,,
buildings,monaco,quackosm,19,2106870,12.393461856000044,0.2507837837837837,3.124,318413408.86486465,406577152,False,,
buildings,monaco,quackosm,20,2106870,12.38202340199996,0.2616936936936937,3.548,326073777.5855855,432099328,False,,
buildings,paris,esy_osmshape,1,44722711,56.97953667899998,1.0003032015065918,2.75,523240118.2372888,705249280,False,,
buildings,paris,esy_osmshape,2,44722711,58.00558261199996,0.9995361781076076,2.602,523084976.6827454,705036288,False,,
buildings,paris,esy_osmshape,3,44722711,56.81949973599996,1.000273584905661,2.592,521896322.4150941,705093632,False,,
buildings,paris,esy_osmshape,4,44722711,56.56701613600001,1.000312500000002,2.551,523746955.6363636,704966656,False,,
buildings,paris,esy_osmshape,5,44722711,56.28543060100003,0.9998631178707218,2.569,524377496.8212932,704765952,False,,
buildings,paris,esy_osmshape,6,44722711,56.56786474499995,1.0002083333333311,2.604,525303776.969697,705150976,False,,
buildings,paris,esy_osmshape,7,44722711,56.76370702899999,1.0001134215500935,2.656,523131720.1058599,704573440,False,,
buildings,paris,esy_osmshape,8,44722711,56.70889476700006,0.999445920303606,2.547,522324228.3719165,704819200,False,,
buildings,paris,esy_osmshape,9,44722711,56.73194575399998,1.000129032258062,2.67,523509169.3055031,705077248,False,,
buildings,paris,esy_osmshape,10,44722711,56.41057844400007,1.0003942857142851,2.502,522591795.6876194,705392640,False,,
buildings,paris,osmium,1,44722711,19.530582428,1.0589128205128204,2.661,332142098.3794873,399773696,False,,
buildings,paris,osmium,2,44722711,19.230277182000066,1.0589585492227975,2.552,330653653.5544041,399609856,False,,
buildings,paris,osmium,3,44722711,19.15766133199997,1.0589687499999991,2.642,330770943.9999998,399704064,False,,
buildings,paris,osmium,4,44722711,19.520727216999944,1.0580612244897962,2.5810000000000004,331673077.55102056,399937536,False,,
buildings,paris,osmium,5,44722711,19.54901530099994,1.0582653061224483,2.5540000000000003,330339641.4693879,399265792,False,,
buildings,paris,osmium,6,44722711,19.25664396700006,1.0606839378238333,2.652,329370119.9585493,399814656,False,,
buildings,paris,osmium,7,44722711,19.315446949000037,1.059211340206186,2.675,330782171.05154616,399925248,False,,
buildings,paris,osmium,8,44722711,19.29088160599997,1.0622577319587638,2.672,331068933.2783508,399839232,False,,
buildings,paris,osmium,9,44722711,19.657634454000004,1.0584040404040396,2.644,330656178.4242423,400007168,False,,
buildings,paris,osmium,10,44722711,19.552881621999973,1.06002564102564,2.5660000000000003,331576682.33846176,399601664,False,,
buildings,paris,osmnx,1,199872232,52.07817570100002,0.6765560344827591,2.718,1679314961.655172,5969907712,False,,
buildings,paris,osmnx,2,199872232,32.39559268299996,0.9887937062937058,2.643,2428214622.881119,5950042112,False,,
buildings,paris,osmnx,3,199872232,32.41202756300004,0.9874084507042264,2.5340000000000003,2430371955.380282,5981241344,False,,
buildings,paris,osmnx,4,199872232,32.66570522400002,0.9865281690140856,2.548,2422769577.4647894,5982171136,False,,
buildings,paris,osmnx,5,199872232,32.661625585000024,0.9877770034843206,2.506,2418324783.2752604,5982359552,False,,
buildings,paris,osmnx,6,199872232,32.76253975700001,0.9857797202797208,2.544,2422495461.1468525,5981298688,False,,
buildings,paris,osmnx,7,199872232,32.76117937599997,0.9854160839160836,2.627,2411708000.671329,5982572544,False,,
buildings,paris,osmnx,8,199872232,32.51058970100007,0.9875759717314496,2.664,2424683487.4346285,5982404608,False,,
buildings,paris,osmnx,9,199872232,32.43146359599996,0.9874877192982452,2.572,2421694995.761404,5980545024,False,,
buildings,paris,osmnx,10,199872232,32.51377131700008,0.9868105263157886,2.63,2420538400.336842,5958524928,False,,
buildings,paris,pyrosm,1,44722711,27.224729314,0.9535922746781124,2.593,2321747423.038625,3291373568,False,,
buildings,paris,pyrosm,2,44722711,27.29148356600001,0.9543419913419906,2.638,2331646989.298702,3295506432,False,,
buildings,paris,pyrosm,3,44722711,27.725381855000023,0.9482112068965516,2.56,2322319395.3103466,3293437952,False,,
buildings,paris,pyrosm,4,44722711,28.398991190999997,0.948388185654008,2.58,2331329013.1983147,3297021952,False,,
buildings,paris,pyrosm,5,44722711,27.424814524,0.950788793103448,2.67,2316266548.965517,3298324480,False,,
buildings,paris,pyrosm,6,44722711,27.204978916000016,0.952108695652174,3.06,2327709446.678261,3300339712,False,,
buildings,paris,pyrosm,7,44722711,27.217304378999984,0.9521939655172416,2.754,2323276323.310345,3297132544,False,,
buildings,paris,pyrosm,8,44722711,27.14731137900003,0.9527391304347816,2.636,2332961836.521737,3291881472,False,,
buildings,paris,pyrosm,9,44722711,27.50054473700004,0.9509273504273508,2.631,2314022351.8632474,3289337856,False,,
buildings,paris,pyrosm,10,44722711,27.387583429000077,0.954849137931034,2.511,2331675930.4827604,3291713536,False,,
buildings,paris,quackosm,1,44722711,20.653701532000014,1.2102513966480444,4.011,418962883.932961,650219520,False,,
buildings,paris,quackosm,2,44722711,19.591321666,1.2473035714285712,3.968,383646915.04761904,576139264,False,,
buildings,paris,quackosm,3,44722711,20.07129374300001,1.205730994152047,3.961,382629876.0233918,593399808,False,,
buildings,paris,quackosm,4,44722711,20.149456424999983,1.2291560693641623,3.973,377017906.3121388,644243456,False,,
buildings,paris,quackosm,5,44722711,20.18543236000005,1.209109195402298,3.969,386868377.0114944,675020800,False,,
buildings,paris,quackosm,6,44722711,20.068694521,1.2063583815028909,3.969,382591354.8208095,658849792,False,,
buildings,paris,quackosm,7,44722711,20.08182884100006,1.2166198830409358,3.939,388019469.4736842,606076928,False,,
buildings,paris,quackosm,8,44722711,19.570671801999996,1.2524431137724563,3.983,379102729.1976048,601202688,False,,
buildings,paris,quackosm,9,44722711,20.593719738000004,1.1870742857142849,3.969,375851043.1085712,595218432,False,,
buildings,paris,quackosm,10,44722711,19.529878972999995,1.2458263473053892,3.954,381655493.74850297,656982016,False,,
buildings,poland,esy_osmshape,1,1938807459,0.0,0.0,0.0,0.0,0,True,,
buildings,poland,osmium,1,1938807459,1744.692063433,1.032166981995686,2.64,3217282186.929013,4509159424,False,,
buildings,poland,osmium,2,1938807459,1742.7454401679995,1.0326733533117074,2.5380000000000003,3232888959.381571,4343607296,False,,
buildings,poland,osmium,3,1938807459,1705.7168713359997,1.0332145930776548,2.576,3223124079.5000887,4341833728,False,,
buildings,poland,osmium,4,1938807459,1718.8711847549994,1.0336263873301246,2.612,3211860352.622523,4475265024,False,,
buildings,poland,osmium,5,1938807459,1719.3384550340006,1.0333131483564852,2.667,3238167365.271345,4344041472,False,,
buildings,poland,quackosm,1,1938807459,933.443090576,1.8052756013745672,4.0280000000000005,1373039503.395187,8942346240,False,,
buildings,poland,quackosm,2,1938807459,596.263395987,2.2573468653648447,3.996,1033056243.3710172,8929333248,False,,
buildings,poland,quackosm,3,1938807459,608.5022200060002,2.150565400843884,4.012,976174256.1875296,8930164736,False,,
buildings,poland,quackosm,4,1938807459,588.6680712020002,2.2550982236154584,4.001,1121060910.010453,8931065856,False,,
buildings,poland,quackosm,5,1938807459,593.6614734300001,2.191792968750004,4.004,945411650.9999996,8919605248,False,,
buildings,portugal,esy_osmshape,1,373938362,0.0,0.0,0.0,0.0,0,True,,
buildings,portugal,osmium,1,373938362,292.782173537,1.038833394361043,2.569,899646525.8674461,1224159232,False,,
buildings,portugal,osmium,2,373938362,296.388897383,1.0388005087209204,2.48,895859333.9534875,1224564736,False,,
buildings,portugal,osmium,3,373938362,299.5552212680001,1.0376633345233797,2.579,898700805.300964,1224159232,False,,
buildings,portugal,osmium,4,373938362,292.7803958720001,1.0383072134749194,2.555,900654245.354816,1224343552,False,,
buildings,portugal,osmium,5,373938362,291.60882627,1.0382805012900749,2.503,896532828.7563586,1223729152,False,,
buildings,portugal,osmnx,1,1182264768,0.0,0.0,0.0,0.0,0,False,MemoryError,"Unable to allocate 21.2 GiB for an array with shape (2105778, 1350) and data type object"
buildings,portugal,quackosm,1,373938362,82.79759883899999,2.2641694402420587,4.015,545449082.3842667,2344501248,False,,
buildings,portugal,quackosm,2,373938362,82.51169087499994,2.281098934550988,3.984,518041207.2328768,2322554880,False,,
buildings,portugal,quackosm,3,373938362,82.26591767699995,2.2764311926605485,4.013,524658731.8409786,2319990784,False,,
buildings,portugal,quackosm,4,373938362,82.84129907500005,2.271282674772036,3.993,521620539.1367781,2319720448,False,,
buildings,portugal,quackosm,5,373938362,82.36869250899997,2.281021705426358,4.03,524039255.31782943,2325434368,False,,
buildings,us_district-of-columbia,esy_osmshape,1,19955805,39.087419259,1.0009946236559129,2.603,488857952.34408605,642764800,False,,
buildings,us_district-of-columbia,esy_osmshape,2,19955805,39.08295527800004,1.000760107816712,2.677,486753061.9514825,638939136,False,,
buildings,us_district-of-columbia,esy_osmshape,3,19955805,38.98350729599997,1.0005741239892183,2.607,486273277.9299191,639397888,False,,
buildings,us_district-of-columbia,esy_osmshape,4,19955805,39.10777231700001,1.0008867924528304,2.5780000000000003,487392048.99191374,639217664,False,,
buildings,us_district-of-columbia,esy_osmshape,5,19955805,38.855059056000016,1.0006513513513526,2.623,486543636.7567567,639504384,False,,
buildings,us_district-of-columbia,esy_osmshape,6,19955805,38.84244920000003,1.0009162162162155,2.599,485574202.1189189,638685184,False,,
buildings,us_district-of-columbia,esy_osmshape,7,19955805,38.77951829299991,1.0006956521739123,2.58,486416361.7391304,639102976,False,,
buildings,us_district-of-columbia,esy_osmshape,8,19955805,38.92327137699999,1.0008540540540538,2.6710000000000003,487380194.94054055,639401984,False,,
buildings,us_district-of-columbia,esy_osmshape,9,19955805,39.04956396,1.0006145552560644,2.7060000000000004,486706659.0188679,639098880,False,,
buildings,us_district-of-columbia,esy_osmshape,10,19955805,39.17465452500005,1.0005013477088969,2.568,487576468.3557952,639160320,False,,
buildings,us_district-of-columbia,osmium,1,19955805,15.824778444999993,1.037932098765433,2.507,302316404.9382718,357543936,False,,
buildings,us_district-of-columbia,osmium,2,19955805,15.885079535000044,1.037459627329193,2.557,304148887.05590063,356499456,False,,
buildings,us_district-of-columbia,osmium,3,19955805,15.593199400999993,1.0396163522012578,2.673,303294399.5974842,357228544,False,,
buildings,us_district-of-columbia,osmium,4,19955805,15.83151795799995,1.0386583850931677,2.449,303552219.4285715,357302272,False,,
buildings,us_district-of-columbia,osmium,5,19955805,15.77301369700001,1.0378881987577633,2.628,302909986.9813663,357109760,False,,
buildings,us_district-of-columbia,osmium,6,19955805,16.077353128000027,1.0399079754601237,2.667,304818062.9202453,357072896,False,,
buildings,us_district-of-columbia,osmium,7,19955805,15.836917739,1.037906832298136,2.5780000000000003,303974870.658385,357048320,False,,
buildings,us_district-of-columbia,osmium,8,19955805,15.884850422999987,1.0376604938271616,2.5660000000000003,304049771.4567899,356925440,False,,
buildings,us_district-of-columbia,osmium,9,19955805,16.101241802000004,1.0395792682926834,2.597,304086215.8048781,356917248,False,,
buildings,us_district-of-columbia,osmium,10,19955805,15.993021055999977,1.0376111111111108,2.661,304465237.3333335,357146624,False,,
buildings,us_district-of-columbia,osmnx,1,159836137,35.43555271499986,0.7392092307692306,2.506,1492104907.224615,4487208960,False,,
buildings,us_district-of-columbia,osmnx,2,159836137,23.292450405999944,0.9902289719626166,2.5660000000000003,1979516985.4205604,4486561792,False,,
buildings,us_district-of-columbia,osmnx,3,159836137,23.60094682099998,0.9893518518518514,2.485,1972620155.259259,4428931072,False,,
buildings,us_district-of-columbia,osmnx,4,159836137,23.38415297099982,0.9900747663551396,2.575,1978800702.2056077,4486811648,False,,
buildings,us_district-of-columbia,osmnx,5,159836137,23.57911719399999,0.9887999999999992,2.508,1975013642.716279,4486909952,False,,
buildings,us_district-of-columbia,osmnx,6,159836137,23.39644613399992,0.9916401869158886,2.644,1976975972.4859807,4444585984,False,,
buildings,us_district-of-columbia,osmnx,7,159836137,23.663067242000125,0.9912903225806446,2.645,1964385369.6589856,4486541312,False,,
buildings,us_district-of-columbia,osmnx,8,159836137,23.259116579999954,0.991108490566038,2.616,1972957918.1886792,4486737920,False,,
buildings,us_district-of-columbia,osmnx,9,159836137,22.993004689999907,0.9897809523809528,2.548,1972867247.5428567,4486942720,False,,
buildings,us_district-of-columbia,osmnx,10,159836137,23.10541551899996,0.989849056603773,2.648,1983121659.1698108,4449562624,False,,
buildings,us_district-of-columbia,pyrosm,1,19955805,16.227468181000006,0.9613624161073828,2.7110000000000003,1545772753.6107385,2303459328,False,,
buildings,us_district-of-columbia,pyrosm,2,19955805,16.271910806999983,0.9642416107382548,2.781,1545329066.0939598,2294673408,False,,
buildings,us_district-of-columbia,pyrosm,3,19955805,16.29127595800003,0.966664429530201,2.6660000000000004,1540448970.7382543,2300448768,False,,
buildings,us_district-of-columbia,pyrosm,4,19955805,16.39322370299999,0.9609865771812076,2.7030000000000003,1544361200.5369134,2320752640,False,,
buildings,us_district-of-columbia,pyrosm,5,19955805,16.503813211000022,0.9585960264900664,2.715,1527379574.675497,2290679808,False,,
buildings,us_district-of-columbia,pyrosm,6,19955805,16.446107728000015,0.9559328859060404,2.505,1540490343.0872483,2304315392,False,,
buildings,us_district-of-columbia,pyrosm,7,19955805,16.462201053,0.9624866666666668,2.705,1541098373.1200006,2304389120,False,,
buildings,us_district-of-columbia,pyrosm,8,19955805,16.31551495900004,0.9594496644295302,2.725,1551969754.2013428,2320265216,False,,
buildings,us_district-of-columbia,pyrosm,9,19955805,16.422724641000002,0.9606107382550334,2.725,1542365816.268456,2295508992,False,,
buildings,us_district-of-columbia,pyrosm,10,19955805,16.311149046000025,0.9599864864864868,2.612,1552974017.7297294,2327728128,False,,
buildings,us_district-of-columbia,quackosm,1,19955805,17.823410620999994,0.9916987179487192,3.92,413950214.5641025,725626880,False,,
buildings,us_district-of-columbia,quackosm,2,19955805,17.07187440399997,1.020178082191781,4.0,375873031.0136986,678162432,False,,
buildings,us_district-of-columbia,quackosm,3,19955805,17.147181703,1.0203221476510074,3.948,368969769.2348994,638291968,False,,
buildings,us_district-of-columbia,quackosm,4,19955805,17.142263635000006,1.0274285714285714,3.937,375257046.2040817,668233728,False,,
buildings,us_district-of-columbia,quackosm,5,19955805,17.13938189800001,1.0171148648648642,3.953,370527730.1621622,675889152,False,,
buildings,us_district-of-columbia,quackosm,6,19955805,17.131766542000037,1.0117905405405407,3.937,373284808.6486486,622616576,False,,
buildings,us_district-of-columbia,quackosm,7,19955805,17.121062402000007,1.013175675675675,3.971,367016517.18918914,597688320,False,,
buildings,us_district-of-columbia,quackosm,8,19955805,17.109035189999986,1.010204081632653,3.945,380089378.8299319,680189952,False,,
buildings,us_district-of-columbia,quackosm,9,19955805,17.139773833999982,1.0061756756756757,3.976,377297145.0810811,700964864,False,,
buildings,us_district-of-columbia,quackosm,10,19955805,17.206514104999997,1.0209659863945582,3.953,371551865.904762,683859968,False,,
highways,greater_london,esy_osmshape,1,132112696,288.466322182,0.999900938086302,2.45,468477958.9163232,609878016,False,,
highways,greater_london,esy_osmshape,2,132112696,288.84286143500003,0.9998764087152532,2.56,466968832.9616829,607854592,False,,
highways,greater_london,esy_osmshape,3,132112696,290.9313835999999,0.9999862351190472,2.608,470359673.9047616,607985664,False,,
highways,greater_london,esy_osmshape,4,132112696,290.520391196,0.9998769116001476,2.549,466615604.99515104,607780864,False,,
highways,greater_london,esy_osmshape,5,132112696,286.4259973160001,1.0000750187546914,2.589,468138547.85296345,607969280,False,,
highways,greater_london,esy_osmshape,6,132112696,288.9474875760002,0.9999827779857744,2.609,465345009.62336206,607875072,False,,
highways,greater_london,esy_osmshape,7,132112696,286.37710644399976,0.9999977341389704,2.5860000000000003,467223186.94864047,608149504,False,,
highways,greater_london,esy_osmshape,8,132112696,286.810082517,1.0000600375234514,2.596,467753143.6667916,607993856,False,,
highways,greater_london,esy_osmshape,9,132112696,285.90151875400034,1.0000176625328825,2.519,466884213.1770013,608047104,False,,
highways,greater_london,esy_osmshape,10,132112696,287.8908415249998,0.999997001499248,2.583,468178607.7841082,607711232,False,,
highways,greater_london,osmium,1,132112696,66.28883178400002,1.0564800637958522,2.857,404026284.70813406,519610368,False,,
highways,greater_london,osmium,2,132112696,66.20906654800001,1.0555215311004795,2.569,403055304.06379646,518905856,False,,
highways,greater_london,osmium,3,132112696,65.13997422599999,1.0558279220779223,2.552,403315326.3376624,518598656,False,,
highways,greater_london,osmium,4,132112696,66.43652466900005,1.0569920634920624,2.535,403057478.7047616,518397952,False,,
highways,greater_london,osmium,5,132112696,64.88271279500009,1.056422330097086,2.602,403186903.4045308,518410240,False,,
highways,greater_london,osmium,6,132112696,64.79467512100007,1.0569805510534858,2.547,402324508.2139382,518004736,False,,
highways,greater_london,osmium,7,132112696,66.442021393,1.0559428571428555,2.66,402670595.2507935,517632000,False,,
highways,greater_london,osmium,8,132112696,65.92119741700003,1.054816586921851,2.6260000000000003,403190269.55023926,518639616,False,,
highways,greater_london,osmium,9,132112696,65.96452302399996,1.055624600638978,2.657,402991928.4345048,519143424,False,,
highways,greater_london,osmium,10,132112696,67.994333138,1.0545243328100466,2.724,402244542.09105146,519036928,False,,
highways,greater_london,pyrosm,1,132112696,106.089711039,0.7973970345963752,2.584,8058325852.36244,12250980352,False,,
highways,greater_london,pyrosm,2,132112696,106.16239554200008,0.7899499165275456,2.571,8008897277.863102,12245942272,False,,
highways,greater_london,pyrosm,3,132112696,107.30967403699992,0.7888803986710966,2.642,8046123844.890366,12243714048,False,,
highways,greater_london,pyrosm,4,132112696,107.45429559399996,0.7881107438016531,2.5660000000000003,8042257233.666116,12259680256,False,,
highways,greater_london,pyrosm,5,132112696,108.667339578,0.782662809917355,2.582,8042962239.894215,12255862784,False,,
highways,greater_london,pyrosm,6,132112696,108.30695491400012,0.7848280991735541,2.505,8043683718.135537,12244209664,False,,
highways,greater_london,pyrosm,7,132112696,107.458333778,0.7863884297520656,2.5780000000000003,8038889312.899176,12239273984,False,,
highways,greater_london,pyrosm,8,132112696,107.544438959,0.7860581395348828,2.6460000000000004,8045495353.833887,12245700608,False,,
highways,greater_london,pyrosm,9,132112696,106.42093206699997,0.791941956882256,2.582,8049013822.832507,12244832256,False,,
highways,greater_london,pyrosm,10,132112696,106.8500404079998,0.7911953642384106,2.661,8043832821.827816,12245602304,False,,
highways,greater_london,quackosm,1,132112696,35.74026147699999,1.8865335570469788,4.022,442753821.2080537,880365568,False,,
highways,greater_london,quackosm,2,132112696,34.64058529900001,1.9382482269503551,3.991,406372642.4964539,833040384,False,,
highways,greater_london,quackosm,3,132112696,34.546700011999974,1.9369219858156013,3.984,400481534.1843972,827011072,False,,
highways,greater_london,quackosm,4,132112696,35.099215061999985,1.9052152777777795,3.984,400753976.8888889,831545344,False,,
highways,greater_london,quackosm,5,132112696,35.28129748899994,1.9071958762886576,3.994,399199186.2542955,824238080,False,,
highways,greater_london,quackosm,6,132112696,35.14621817700004,1.900356401384086,3.984,399885152.5536331,839340032,False,,
highways,greater_london,quackosm,7,132112696,34.641208053000014,1.9434401408450712,3.998,399312535.4366197,829362176,False,,
highways,greater_london,quackosm,8,132112696,35.210590860000025,1.8930899653979216,3.972,405579527.9723183,831168512,False,,
highways,greater_london,quackosm,9,132112696,34.68845795199991,1.939885017421603,4.002,404889186.1184668,822743040,False,,
highways,greater_london,quackosm,10,132112696,35.09800242799997,1.9100842105263152,3.985,400319513.1508773,835182592,False,,
highways,monaco,esy_osmshape,1,2106870,1.4093033780000042,1.0262857142857145,2.602,205034788.57142857,277438464,False,,
highways,monaco,esy_osmshape,2,2106870,1.399862245999998,1.0289285714285714,2.542,205027181.7142857,277397504,False,,
highways,monaco,esy_osmshape,3,2106870,1.4000027879999948,1.0330370370370372,2.572,203689528.8888889,277483520,False,,
highways,monaco,esy_osmshape,4,2106870,1.4042432690000055,1.0287142857142857,2.697,205112320.0,277245952,False,,
highways,monaco,esy_osmshape,5,2106870,1.4087997710000195,1.0280000000000002,2.602,205231250.2857143,277684224,False,,
highways,monaco,esy_osmshape,6,2106870,1.4013321709999786,1.032321428571429,2.553,195924260.57142857,277729280,False,,
highways,monaco,esy_osmshape,7,2106870,1.41935786800002,1.028071428571428,2.547,204970130.2857143,277483520,False,,
highways,monaco,esy_osmshape,8,2106870,1.428493359000015,1.0314642857142855,2.504,196114870.85714284,277598208,False,,
highways,monaco,esy_osmshape,9,2106870,1.4093511279999689,1.0291071428571432,2.537,196067766.8571429,277471232,False,,
highways,monaco,esy_osmshape,10,2106870,1.4067942240000093,1.029607142857143,2.499,195561764.57142857,277798912,False,,
highways,monaco,esy_osmshape,11,2106870,1.4087698740000292,1.0289285714285714,2.635,204947017.14285716,277692416,False,,
highways,monaco,esy_osmshape,12,2106870,1.4031671120000055,1.0304444444444445,2.667,203384604.44444445,277536768,False,,
highways,monaco,esy_osmshape,13,2106870,1.4070011239999758,1.0313214285714285,2.58,205150061.7142857,277585920,False,,
highways,monaco,esy_osmshape,14,2106870,1.4083915919999868,1.0258928571428572,2.539,204973787.42857143,277479424,False,,
highways,monaco,esy_osmshape,15,2106870,1.4065882659999716,1.0294285714285714,2.6010000000000004,195950006.85714287,277807104,False,,
highways,monaco,esy_osmshape,16,2106870,1.4277514300000007,1.0301071428571429,2.557,205416009.14285716,277680128,False,,
highways,monaco,esy_osmshape,17,2106870,1.4149637009999765,1.0252499999999998,2.547,204637622.85714287,278208512,False,,
highways,monaco,esy_osmshape,18,2106870,1.4247089300000084,1.0292142857142854,2.485,204255670.85714287,277811200,False,,
highways,monaco,esy_osmshape,19,2106870,1.4022855019999838,1.0247857142857144,2.504,204496896.0,277573632,False,,
highways,monaco,esy_osmshape,20,2106870,1.4012252409999633,1.0301428571428572,2.533,196013056.0,277835776,False,,
highways,monaco,osmium,1,2106870,0.4760173089999853,1.0665263157894735,2.533,175166517.89473686,273838080,False,,
highways,monaco,osmium,2,2106870,0.4768241180000814,1.073526315789474,2.506,175009576.42105263,276955136,False,,
highways,monaco,osmium,3,2106870,0.4705749849999847,1.0692631578947367,2.656,172567929.2631579,273784832,False,,
highways,monaco,osmium,4,2106870,0.4652859139999918,1.0736842105263158,2.502,162701096.42105263,275947520,False,,
highways,monaco,osmium,5,2106870,0.4899462150000317,1.0671052631578946,2.483,172927730.52631578,276488192,False,,
highways,monaco,osmium,6,2106870,0.472174285000051,1.0720000000000005,2.651,173635045.0526316,273276928,False,,
highways,monaco,osmium,7,2106870,0.4783931580000171,1.0718947368421057,2.574,175026607.15789473,276279296,False,,
highways,monaco,osmium,8,2106870,0.4675379550000116,1.0713157894736838,2.507,161102578.52631578,274935808,False,,
highways,monaco,osmium,9,2106870,0.460165012999937,1.0651052631578948,2.604,174513960.42105263,273387520,False,,
highways,monaco,osmium,10,2106870,0.4729970360000379,1.0725263157894738,2.564,174363055.15789473,274087936,False,,
highways,monaco,osmium,11,2106870,0.4651426660000197,1.0723157894736843,2.56,161683563.78947368,273350656,False,,
highways,monaco,osmium,12,2106870,0.4731366629999911,1.071842105263158,2.5380000000000003,174723718.7368421,273264640,False,,
highways,monaco,osmium,13,2106870,0.476444430000015,1.075368421052632,2.573,174238019.36842105,274976768,False,,
highways,monaco,osmium,14,2106870,0.4720050879999462,1.074315789473684,2.548,174220341.89473686,273829888,False,,
highways,monaco,osmium,15,2106870,0.4735002610000265,1.0706315789473682,2.576,174254403.36842105,273666048,False,,
highways,monaco,osmium,16,2106870,0.4724565870000106,1.070052631578947,2.564,162473013.89473686,275456000,False,,
highways,monaco,osmium,17,2106870,0.4609894779999877,1.0704736842105262,2.571,161929970.52631578,273178624,False,,
highways,monaco,osmium,18,2106870,0.476549971000054,1.077421052631579,2.55,174386984.42105263,274862080,False,,
highways,monaco,osmium,19,2106870,0.4728265009999859,1.0711052631578948,2.64,173936640.0,273461248,False,,
highways,monaco,osmium,20,2106870,0.4785545299999967,1.0713684210526315,2.505,174059088.84210527,275468288,False,,
highways,monaco,osmnx,1,2408840,2.21106467300001,0.5578285714285713,2.695,211616329.14285716,294395904,False,,
highways,monaco,osmnx,2,2408840,0.4137448850000282,1.049555555555556,2.653,172296874.66666663,294170624,False,,
highways,monaco,osmnx,3,2408840,0.4160649070000772,1.0462222222222224,2.589,172239758.2222222,302120960,False,,
highways,monaco,osmnx,4,2408840,0.4159512449999738,1.0459999999999998,2.59,172080014.2222222,294019072,False,,
highways,monaco,osmnx,5,2408840,0.4145337659999768,1.0485000000000002,2.513,171991495.1111111,299569152,False,,
highways,monaco,osmnx,6,2408840,0.4117768149999392,1.0520555555555555,2.6830000000000003,172003783.11111113,293826560,False,,
highways,monaco,osmnx,7,2408840,0.4127486239999598,1.0537222222222224,2.616,172309162.66666666,302399488,False,,
highways,monaco,osmnx,8,2408840,0.4138480380000828,1.0456666666666663,2.584,172201301.33333334,302272512,False,,
highways,monaco,osmnx,9,2408840,0.4201978820000249,1.0513333333333337,2.6860000000000004,171691121.7777778,293376000,False,,
highways,monaco,osmnx,10,2408840,0.4158050839999987,1.046888888888889,2.739,172259555.55555555,294006784,False,,
highways,monaco,osmnx,11,2408840,0.4136710550000089,1.0537222222222222,2.636,172077511.1111111,293744640,False,,
highways,monaco,osmnx,12,2408840,0.4147823700000117,1.048722222222222,2.614,172138951.1111111,293752832,False,,
highways,monaco,osmnx,13,2408840,0.4175844330000018,1.0485,2.729,172511004.44444445,301277184,False,,
highways,monaco,osmnx,14,2408840,0.4110818199999357,1.0506666666666664,2.515,171800120.8888889,293703680,False,,
highways,monaco,osmnx,15,2408840,0.4141503700000157,1.0503333333333331,2.609,171822876.44444445,293810176,False,,
highways,monaco,osmnx,16,2408840,0.4116911249999475,1.047111111111111,2.658,172442282.66666666,294260736,False,,
highways,monaco,osmnx,17,2408840,0.4109879199999113,1.0506111111111112,2.615,172360817.7777778,302034944,False,,
highways,monaco,osmnx,18,2408840,0.412390672000015,1.0469444444444445,2.7460000000000004,172350122.66666666,293961728,False,,
highways,monaco,osmnx,19,2408840,0.4178299620000416,1.048111111111111,2.613,172030407.1111111,294060032,False,,
highways,monaco,osmnx,20,2408840,0.4115350339999395,1.0458888888888886,2.632,172460259.55555555,294305792,False,,
highways,monaco,pyrosm,1,2106870,0.7691993309999816,1.0315454545454548,2.614,195724753.4545454,351961088,False,,
highways,monaco,pyrosm,2,2106870,0.76212455000001,1.0322727272727272,2.673,195772043.63636363,356564992,False,,
highways,monaco,pyrosm,3,2106870,0.7802647409999963,1.0336818181818184,2.58,207236933.8181818,352698368,False,,
highways,monaco,pyrosm,4,2106870,0.7690821020000271,1.037181818181818,2.565,209066170.1818182,354205696,False,,
highways,monaco,pyrosm,5,2106870,0.7725949050000054,1.0299545454545456,2.567,208321256.72727272,354631680,False,,
highways,monaco,pyrosm,6,2106870,0.7777825510000298,1.0365454545454549,2.508,195822126.5454546,352788480,False,,
highways,monaco,pyrosm,7,2106870,0.7753575209999894,1.0378636363636369,2.562,196217204.3636364,353296384,False,,
highways,monaco,pyrosm,8,2106870,0.7689601420000258,1.0340454545454545,2.563,207723985.45454547,353390592,False,,
highways,monaco,pyrosm,9,2106870,0.7714201390000426,1.0394090909090907,2.652,194519412.3636364,353988608,False,,
highways,monaco,pyrosm,10,2106870,0.7794287799999893,1.0388181818181823,2.668,209787252.3636363,354856960,False,,
highways,monaco,pyrosm,11,2106870,0.7716367009999772,1.033681818181818,2.484,206717300.3636364,354861056,False,,
highways,monaco,pyrosm,12,2106870,0.7617553260000136,1.0384999999999998,2.543,206921728.0,354955264,False,,
highways,monaco,pyrosm,13,2106870,0.7637685579999811,1.0350454545454544,2.623,195652328.72727272,351977472,False,,
highways,monaco,pyrosm,14,2106870,0.7704884440000228,1.033409090909091,2.5980000000000003,195828642.9090909,357474304,False,,
highways,monaco,pyrosm,15,2106870,0.7660906699999828,1.0369090909090908,2.56,208307851.63636363,354328576,False,,
highways,monaco,pyrosm,16,2106870,0.7675302939999824,1.0326818181818178,2.631,208386606.54545453,357863424,False,,
highways,monaco,pyrosm,17,2106870,0.7724831830000198,1.0359545454545456,2.582,195846144.0,353214464,False,,
highways,monaco,pyrosm,18,2106870,0.7647304550000058,1.0355000000000003,2.697,195049658.1818182,353296384,False,,
highways,monaco,pyrosm,19,2106870,0.7657842220000362,1.0395,2.507,208226862.54545453,354238464,False,,
highways,monaco,pyrosm,20,2106870,0.7670345110000198,1.0357727272727275,2.5980000000000003,195537826.9090909,352116736,False,,
highways,monaco,quackosm,1,2106870,13.10506228099996,0.3151186440677966,3.384,342160401.3559322,425635840,False,,
highways,monaco,quackosm,2,2106870,12.346025839999982,0.2616363636363635,2.985,311869440.0,394829824,False,,
highways,monaco,quackosm,3,2106870,12.350601849000045,0.2505454545454545,2.77,315795232.58181834,396271616,False,,
highways,monaco,quackosm,4,2106870,12.831666971999994,0.2358859649122807,2.972,309418882.24561405,393048064,False,,
highways,monaco,quackosm,5,2106870,12.37928576600001,0.2492363636363635,3.045,322461919.4181819,408453120,False,,
highways,monaco,quackosm,6,2106870,12.371332217000033,0.2528125000000002,2.789,316273956.5714287,397869056,False,,
highways,monaco,quackosm,7,2106870,12.872001322000015,0.2399130434782607,3.0380000000000003,315315173.2869566,393654272,False,,
highways,monaco,quackosm,8,2106870,12.37994295599998,0.2537818181818181,3.0810000000000004,311377361.45454544,382660608,False,,
highways,monaco,quackosm,9,2106870,12.309934088999968,0.2623603603603603,3.36,316992207.5675677,391512064,False,,
highways,monaco,quackosm,10,2106870,12.343649880999976,0.254072072072072,3.632,320718608.1441441,399953920,False,,
highways,monaco,quackosm,11,2106870,12.367778090000002,0.2348727272727273,3.221,318524732.5090908,392876032,False,,
highways,monaco,quackosm,12,2106870,12.396811587999991,0.2571441441441442,3.241,321830542.990991,400338944,False,,
highways,monaco,quackosm,13,2106870,12.342856311000048,0.2560360360360361,3.049,309299550.5585586,396021760,False,,
highways,monaco,quackosm,14,2106870,12.350584621999984,0.2418999999999999,3.034,314264818.03636354,392978432,False,,
highways,monaco,quackosm,15,2106870,12.366309399999976,0.2570810810810812,3.494,315452037.7657659,394440704,False,,
highways,monaco,quackosm,16,2106870,12.340534214000002,0.2483181818181818,3.245,319331793.4545454,404348928,False,,
highways,monaco,quackosm,17,2106870,12.305446486999926,0.2456727272727273,3.018,318134346.4727274,401928192,False,,
highways,monaco,quackosm,18,2106870,12.354638689000012,0.2541454545454544,3.5,312510724.65454537,391856128,False,,
highways,monaco,quackosm,19,2106870,12.33312641000009,0.2489909090909089,2.9130000000000003,310315082.4727276,388718592,False,,
highways,monaco,quackosm,20,2106870,12.307671360999962,0.2489999999999999,3.385,313306877.6936937,393269248,False,,
highways,paris,esy_osmshape,1,44722711,40.66194912900005,1.0014702842377237,2.537,415007111.6072353,548966400,False,,
highways,paris,esy_osmshape,2,44722711,40.453143479000005,1.0016571428571417,2.5980000000000003,413748247.9376624,549285888,False,,
highways,paris,esy_osmshape,3,44722711,40.38055173199996,1.0015651041666664,2.573,415113738.6666665,549761024,False,,
highways,paris,esy_osmshape,4,44722711,40.43168990699997,1.0013532467532462,2.701,414348976.8727273,549318656,False,,
highways,paris,esy_osmshape,5,44722711,40.34748575000003,1.001552083333333,2.655,417058048.0000002,549113856,False,,
highways,paris,esy_osmshape,6,44722711,40.298521757,1.0014505208333295,2.49,414321301.3333331,549171200,False,,
highways,paris,esy_osmshape,7,44722711,40.66491184299991,1.0015426356589123,2.508,415903479.4005167,549466112,False,,
highways,paris,esy_osmshape,8,44722711,40.59113478100005,1.0012590673575097,2.543,413040608.16580325,549142528,False,,
highways,paris,esy_osmshape,9,44722711,40.41068901300002,1.0012890624999988,2.576,414761909.33333325,549666816,False,,
highways,paris,esy_osmshape,10,44722711,40.488664426000014,1.0009248704663214,2.509,412116705.4922278,549416960,False,,
highways,paris,osmium,1,44722711,16.790205663999984,1.0682705882352943,2.627,321010627.764706,400044032,False,,
highways,paris,osmium,2,44722711,16.701211346000036,1.0668928571428555,2.479,320230595.047619,399781888,False,,
highways,paris,osmium,3,44722711,16.69357831000002,1.0686331360946744,2.548,319678088.33136094,400068608,False,,
highways,paris,osmium,4,44722711,16.709124616000054,1.067857988165681,2.612,320470531.0295859,400072704,False,,
highways,paris,osmium,5,44722711,16.85990885000001,1.0741988304093566,2.6460000000000004,320527545.6374268,400130048,False,,
highways,paris,osmium,6,44722711,16.971646084999975,1.0659999999999998,2.639,320775926.9647059,399454208,False,,
highways,paris,osmium,7,44722711,16.64111192499996,1.0651011904761898,2.5810000000000004,320710826.6666666,399323136,False,,
highways,paris,osmium,8,44722711,16.882066088999977,1.067470930232558,2.61,319726401.48837173,400183296,False,,
highways,paris,osmium,9,44722711,16.742199239,1.068301775147928,2.677,321000272.2840236,399450112,False,,
highways,paris,osmium,10,44722711,16.65810929700001,1.0717869822485202,2.564,320611685.4911241,400068608,False,,
highways,paris,osmnx,1,99372109,39.96639202900008,0.7379347826086943,2.594,2178621762.782607,6626418688,False,,
highways,paris,osmnx,2,99372109,27.91034721899996,0.998515625,2.643,2981354432.000001,6626410496,False,,
highways,paris,osmnx,3,99372109,27.76571254099997,0.9993281249999996,2.714,2993166047.999999,6626586624,False,,
highways,paris,osmnx,4,99372109,28.128858174000012,0.9983682170542644,2.674,2993161192.186046,6626500608,False,,
highways,paris,osmnx,5,99372109,27.921030034999944,0.998317647058824,2.604,2995924799.24706,6626631680,False,,
highways,paris,osmnx,6,99372109,27.92510702799996,0.9995291828793772,2.604,2988794860.077821,6626721792,False,,
highways,paris,osmnx,7,99372109,27.90065220099996,0.9981181102362208,2.571,2988396060.220471,6626627584,False,,
highways,paris,osmnx,8,99372109,27.961583130999884,0.9982716535433074,2.553,2982296438.9291325,6626402304,False,,
highways,paris,osmnx,9,99372109,27.89587434200007,0.9979804687499992,2.509,2971117903.9999995,6626557952,False,,
highways,paris,osmnx,10,99372109,28.032534837000185,0.9991673151750976,2.577,2990707293.6342406,6626652160,False,,
highways,paris,pyrosm,1,44722711,24.21638825700001,0.9444114832535888,2.5,2236091455.6937785,3490770944,False,,
highways,paris,pyrosm,2,44722711,24.489916400000027,0.9451619047619044,2.577,2211135936.6095257,3493945344,False,,
highways,paris,pyrosm,3,44722711,24.04342187700001,0.9412669902912632,2.582,2227464510.1359234,3494363136,False,,
highways,paris,pyrosm,4,44722711,24.215348511,0.9398592233009708,2.599,2233486544.7766986,3494948864,False,,
highways,paris,pyrosm,5,44722711,24.256137621999983,0.9378536585365852,2.483,2223628867.434146,3494084608,False,,
highways,paris,pyrosm,6,44722711,24.308036765,0.9403269230769222,2.593,2229205444.923076,3494703104,False,,
highways,paris,pyrosm,7,44722711,24.47481353200004,0.9357211538461532,2.49,2217343881.8461537,3495370752,False,,
highways,paris,pyrosm,8,44722711,24.345773656999995,0.937694174757282,2.575,2217546443.805824,3490885632,False,,
highways,paris,pyrosm,9,44722711,24.24531996799999,0.93731067961165,2.505,2223839470.60194,3492864000,False,,
highways,paris,pyrosm,10,44722711,24.110346456,0.9422815533980576,2.638,2231077937.7087364,3496382464,False,,
highways,paris,quackosm,1,44722711,19.600863840999978,1.1194883720930229,4.011,401899781.9534882,589225984,False,,
highways,paris,quackosm,2,44722711,19.044246747999978,1.1164320987654317,3.961,369413208.4938272,608743424,False,,
highways,paris,quackosm,3,44722711,18.62111448399997,1.153446540880502,3.962,365062543.29559743,573595648,False,,
highways,paris,quackosm,4,44722711,18.62804453399997,1.1416139240506329,3.962,371908763.5443037,602714112,False,,
highways,paris,quackosm,5,44722711,18.664110343000004,1.1441987577639745,4.008,365855305.14285713,572289024,False,,
highways,paris,quackosm,6,44722711,18.669785419999982,1.1428944099378888,3.954,366574267.6273292,586264576,False,,
highways,paris,quackosm,7,44722711,19.222847256000023,1.1253090909090913,3.984,367325109.52727264,550518784,False,,
highways,paris,quackosm,8,44722711,19.236217974999988,1.1304695121951234,3.97,366006072.19512206,590696448,False,,
highways,paris,quackosm,9,44722711,19.18033450400003,1.1188545454545458,3.961,363292287.2242425,595640320,False,,
highways,paris,quackosm,10,44722711,19.159312182000008,1.1237621951219512,3.984,370037585.1707318,582434816,False,,
highways,poland,esy_osmshape,1,1938807459,0.0,0.0,0.0,0.0,0,True,,
highways,poland,osmium,1,1938807459,1290.245078118,1.0454470402394391,2.513,2840756387.799132,4542033920,False,,
highways,poland,osmium,2,1938807459,1261.906315194,1.0464603269198518,2.6010000000000004,2851064439.521886,4341579776,False,,
highways,poland,osmium,3,1938807459,1263.871564552,1.0471312701922029,2.656,2849217375.635436,4667904000,False,,
highways,poland,osmium,4,1938807459,1286.4104366479996,1.0461752258280872,2.656,2849815475.6025386,4342960128,False,,
highways,poland,osmium,5,1938807459,1299.637592981,1.0452972816657515,2.628,2844313289.491872,4367458304,False,,
highways,poland,quackosm,1,1938807459,514.2721821780001,2.4917838070628804,4.001,1037085514.6023548,8945999872,False,,
highways,poland,quackosm,2,1938807459,385.149864411,2.654499823008851,4.016,886819466.28531,8930775040,False,,
highways,poland,quackosm,3,1938807459,384.05319996299977,2.6702259170380507,4.018,831938982.6588968,8922357760,False,,
highways,poland,quackosm,4,1938807459,389.6001443149999,2.6386467905997817,4.016,844737844.5289367,8920051712,False,,
highways,poland,quackosm,5,1938807459,395.3034391670003,2.574956851915775,4.001,767013285.335174,8927518720,False,,
highways,portugal,esy_osmshape,1,373938362,0.0,0.0,0.0,0.0,0,True,,
highways,portugal,osmium,1,373938362,265.945764068,1.0423631600161256,2.563,858071155.5663028,1224474624,False,,
highways,portugal,osmium,2,373938362,265.751521294,1.0424509326845088,2.632,856043154.5823189,1319591936,False,,
highways,portugal,osmium,3,373938362,269.534729728,1.0411308151093326,2.6660000000000004,856516929.6540744,1224830976,False,,
highways,portugal,osmium,4,373938362,262.49244328299983,1.0426488143908403,2.55,858158157.8675386,1223622656,False,,
highways,portugal,osmium,5,373938362,266.64944130799995,1.0419572062979432,2.489,856059998.2559547,1223774208,False,,
highways,portugal,quackosm,1,373938362,79.96056276799999,2.2859596273291887,4.018,559067409.490683,2339971072,False,,
highways,portugal,quackosm,2,373938362,79.699703962,2.292086614173228,4.001,546604072.3149607,2323558400,False,,
highways,portugal,quackosm,3,373938362,79.95376220999998,2.281805031446539,3.996,541888370.3144656,2322333696,False,,
highways,portugal,quackosm,4,373938362,79.917947497,2.290122028526151,3.993,537353844.0316956,2325950464,False,,
highways,portugal,quackosm,5,373938362,80.00112543700004,2.2869523052464205,3.986,546882037.4181243,2323365888,False,,
highways,us_district-of-columbia,esy_osmshape,1,19955805,19.959917775000008,1.0030904522613064,2.574,356233668.82412046,455364608,False,,
highways,us_district-of-columbia,esy_osmshape,2,19955805,20.00981882399998,1.0034040404040392,2.508,356871012.84848505,455634944,False,,
highways,us_district-of-columbia,esy_osmshape,3,19955805,19.93814329400004,1.0027828282828275,2.602,356914765.57575744,455778304,False,,
highways,us_district-of-columbia,esy_osmshape,4,19955805,20.021532173000026,1.0028241206030146,2.582,356719507.9396985,455524352,False,,
highways,us_district-of-columbia,esy_osmshape,5,19955805,19.95820889299995,1.0034696969696972,2.6060000000000003,357311725.89899004,455811072,False,,
highways,us_district-of-columbia,esy_osmshape,6,19955805,19.958122688000003,1.003939393939394,2.584,357308560.8080809,455634944,False,,
highways,us_district-of-columbia,esy_osmshape,7,19955805,19.948474864000048,1.003909090909091,2.607,357017930.9898992,455675904,False,,
highways,us_district-of-columbia,esy_osmshape,8,19955805,20.013873889000024,1.0041407035175876,2.607,355331355.0150754,455593984,False,,
highways,us_district-of-columbia,esy_osmshape,9,19955805,19.94488140799996,1.002863636363636,2.592,356847429.8181817,455995392,False,,
highways,us_district-of-columbia,esy_osmshape,10,19955805,19.963960291000035,1.0032160804020098,2.632,354909261.1859299,455626752,False,,
highways,us_district-of-columbia,osmium,1,19955805,11.367096922999965,1.0527249999999997,2.497,284111223.46666664,357638144,False,,
highways,us_district-of-columbia,osmium,2,19955805,11.513968728000007,1.0509669421487602,2.481,284604839.1404959,356868096,False,,
highways,us_district-of-columbia,osmium,3,19955805,11.49854065400001,1.050669421487603,2.533,285116060.5619835,357285888,False,,
highways,us_district-of-columbia,osmium,4,19955805,11.412838808000004,1.0529416666666682,2.484,283137911.4666666,357195776,False,,
highways,us_district-of-columbia,osmium,5,19955805,11.334882042000004,1.051208333333334,2.484,284639266.1333335,356941824,False,,
highways,us_district-of-columbia,osmium,6,19955805,11.401200207000045,1.0549333333333348,2.576,284895948.79999995,358092800,False,,
highways,us_district-of-columbia,osmium,7,19955805,11.523154431000023,1.0547933884297525,2.5610000000000004,285677212.56198347,357355520,False,,
highways,us_district-of-columbia,osmium,8,19955805,11.383443536000016,1.0517916666666671,2.557,284556356.2666667,357064704,False,,
highways,us_district-of-columbia,osmium,9,19955805,11.246894493000012,1.0518991596638667,2.5980000000000003,282410594.9579832,357015552,False,,
highways,us_district-of-columbia,osmium,10,19955805,11.405949114000007,1.0523833333333346,2.597,284108561.0666668,357101568,False,,
highways,us_district-of-columbia,osmnx,1,55213060,18.76776843799996,0.7031189189189186,2.589,885792768.0000001,2651869184,False,,
highways,us_district-of-columbia,osmnx,2,55213060,11.782646199000055,1.002375,2.6010000000000004,1195670903.4666667,2711367680,False,,
highways,us_district-of-columbia,osmnx,3,55213060,11.75605657199992,1.0033749999999997,2.483,1191275349.3333335,2713530368,False,,
highways,us_district-of-columbia,osmnx,4,55213060,11.73232249399996,1.0043416666666665,2.563,1194078276.266667,2662068224,False,,
highways,us_district-of-columbia,osmnx,5,55213060,11.710799614999928,1.0039166666666666,2.589,1195773952.0,2711244800,False,,
highways,us_district-of-columbia,osmnx,6,55213060,11.726102415000014,1.0043529411764702,2.599,1198274955.8319328,2711142400,False,,
highways,us_district-of-columbia,osmnx,7,55213060,11.793292775000054,1.003355371900826,2.622,1184189448.462809,2711654400,False,,
highways,us_district-of-columbia,osmnx,8,55213060,11.713463832000002,1.0026525423728807,2.655,1196585168.271186,2711449600,False,,
highways,us_district-of-columbia,osmnx,9,55213060,11.721630473000005,1.004775,2.56,1186948983.4666662,2674917376,False,,
highways,us_district-of-columbia,osmnx,10,55213060,11.785046921000005,1.003841666666666,2.698,1192563780.266667,2688364544,False,,
highways,us_district-of-columbia,pyrosm,1,19955805,14.43261956400005,0.9622000000000004,2.571,1486164574.8148143,2287001600,False,,
highways,us_district-of-columbia,pyrosm,2,19955805,14.607492389000017,0.9597279411764708,2.721,1482876175.058823,2302857216,False,,
highways,us_district-of-columbia,pyrosm,3,19955805,14.494884667999996,0.960325925925926,2.532,1481657821.8666666,2296623104,False,,
highways,us_district-of-columbia,pyrosm,4,19955805,14.688392533000012,0.957911764705882,2.697,1484319804.235294,2290692096,False,,
highways,us_district-of-columbia,pyrosm,5,19955805,14.491209814,0.9599037037037044,2.571,1480617862.6370366,2297430016,False,,
highways,us_district-of-columbia,pyrosm,6,19955805,14.533809700000006,0.9614962962962964,2.679,1486174344.5333335,2287943680,False,,
highways,us_district-of-columbia,pyrosm,7,19955805,14.601238199000022,0.9617851851851852,2.574,1495145980.2074077,2336915456,False,,
highways,us_district-of-columbia,pyrosm,8,19955805,14.599395954000045,0.9607629629629628,2.66,1491783953.0666666,2299617280,False,,
highways,us_district-of-columbia,pyrosm,9,19955805,14.668321750000018,0.9598455882352946,2.562,1486143698.8235302,2296119296,False,,
highways,us_district-of-columbia,pyrosm,10,19955805,14.508081693999998,0.9620149253731344,2.573,1488404938.5074625,2294411264,False,,
highways,us_district-of-columbia,quackosm,1,19955805,16.73968378299992,0.9109251700680282,3.954,398100466.0680272,576434176,False,,
highways,us_district-of-columbia,quackosm,2,19955805,16.15727838099997,0.8968928571428564,3.945,352390699.8857143,527298560,False,,
highways,us_district-of-columbia,quackosm,3,19955805,16.145185553000147,0.9011726618705036,3.972,353993588.0287769,528703488,False,,
highways,us_district-of-columbia,quackosm,4,19955805,16.183218988999897,0.9055107913669068,3.94,354144756.9496401,521457664,False,,
highways,us_district-of-columbia,quackosm,5,19955805,16.167153463999966,0.8967971014492763,3.936,352632683.594203,543973376,False,,
highways,us_district-of-columbia,quackosm,6,19955805,16.176120318999892,0.9030709219858168,3.97,350841485.6170213,550617088,False,,
highways,us_district-of-columbia,quackosm,7,19955805,16.150824203999946,0.9008571428571428,4.002,343526692.5714285,518156288,False,,
highways,us_district-of-columbia,quackosm,8,19955805,16.11630689699996,0.8959712230215826,3.979,349529920.4604316,524390400,False,,
highways,us_district-of-columbia,quackosm,9,19955805,16.198038647999965,0.9139785714285718,3.998,351327436.8000001,527007744,False,,
highways,us_district-of-columbia,quackosm,10,19955805,16.17986960899998,0.8912374100719419,3.954,353780065.61151075,520146944,False,,
